joint_0_pos,joint_0_vel,joint_0_torque,joint_1_pos,joint_1_vel,joint_1_torque,joint_2_pos,joint_2_vel,joint_2_torque,joint_3_pos,joint_3_vel,joint_3_torque,joint_4_pos,joint_4_vel,joint_4_torque,joint_5_pos,joint_5_vel,joint_5_torque,joint_6_pos,joint_6_vel,joint_6_torque,contact_detected,contact_force,contact_type,scenario
0.007557119516513508,0.024974139358150824,6.659100513963882,1.0959985731837474,-0.12586134720977946,-50.0,-0.00955336098380766,-0.03874958383087545,-1.7469726218574957,-1.773122823512546,-0.3960791617512093,-50.0,0.005932110811895793,-0.020231810246790587,0.7052389898367396,1.671403918486146,0.5008987423419969,2.7046581240825502,0.008543611450517312,-0.0012494604363848527,-0.05221616035400045,1,16.09982102536316,organ,tissue_manipulation
0.008167689576634917,0.008761581388371555,3.9026551291770724,1.0795500377626523,-0.4997866169158593,-27.42951868092939,-0.010512125826877994,-0.013583604904725412,-0.2837882402879432,-1.7939028794852199,-0.4986840115789004,-0.8434429096209083,0.005417041405158604,-0.007431359134099383,0.08227873277950547,1.692238731007335,0.5002520581674027,0.554054753649874,0.008501835409844128,-0.0005178493640994496,-0.0004954212836774717,1,15.248947053542354,organ,tissue_manipulation
0.00838188653347609,0.003061706255103883,3.923924616782542,1.0587262525741092,-0.4997571070912951,-27.255102952847636,-0.010844585219955984,-0.004726827935972205,-0.30130771941006174,-1.8146858676616346,-0.49878306083770924,-1.18024411369147,0.005237539798025266,-0.0026157235359370156,0.012847852564633472,1.7130801825457105,0.5001749160132475,0.5547730198257168,0.008488898981381835,-0.00017302687103655295,-0.00015594306070691863,1,15.071792156342294,organ,tissue_manipulation
0.008456794045601904,0.0010728523315911508,3.899661656755501,1.0379034043912716,-0.49974445284524566,-26.986900399055905,-0.010957573161069137,-0.0015439377109028006,-0.326922476852493,-1.835466873048704,-0.4987086468114486,-1.4108226981341425,0.005171241794459417,-0.0009935527858294848,0.016896001413450854,1.7339204944494901,0.500183971393261,0.555410575983601,0.008486496983324252,1.80945312910079e-05,-2.4109213755947258e-05,1,15.074203433997805,organ,tissue_manipulation
0.008483172849425548,0.00038096938171717316,3.818645215434712,1.0170805661435907,-0.4997541380760239,-26.737182995624526,-0.010992168615719191,-0.00041756116966239903,-0.3500159662531814,-1.8562442103238657,-0.4986107666666986,-1.631371685115739,0.005145884743715321,-0.00038051970407624973,0.019947664089562916,1.7547644074936712,0.5003246173477248,0.5559873545900017,0.008489368135848298,0.00010094978384929702,3.614068189579437e-05,1,15.073362457645084,organ,tissue_manipulation
0.008492832034996515,0.0001432699008854434,3.7199795107182942,0.9962555838470246,-0.49988208302629134,-26.482024350572214,-0.010999569582723545,-9.077443834866776e-05,-0.3736175304912433,-1.8770228960212707,-0.498905796849375,-1.8428696019977377,0.005136666377155749,0.00021417701817134233,0.021251641780090303,1.7756053435999972,0.4998414754278162,0.5560471769669907,0.008494419960668138,0.00016484229584960318,6.026635508562334e-05,1,15.122066228228105,organ,tissue_manipulation
0.008477459553327819,-0.004734899199060161,6.137784138335416,0.9766114139768717,-0.2164671495600556,50.0,-0.01093770150374678,0.015188220354865764,2.8872369823383797,-1.8954500222982151,0.06661626622217925,50.0,0.0051832485576253275,0.006433692801476281,-0.8972234942861672,1.7895632660210887,-0.4997213932638831,-2.929276427921153,0.008492578538575395,-0.00225133168748308,-0.0022732978497771454,1,16.467434835178597,organ,tissue_manipulation
0.008359211528150664,-0.0016798996805793794,3.8304892267621167,0.9941039403155603,0.5000178385109302,-25.780341728771525,-0.010542082097721546,0.005638016926430322,-0.30457857959807133,-1.8746112030921231,0.5001109526136525,0.3056404674292862,0.005339299985904865,0.0020874158881824274,0.01921437985920735,1.7689127883996025,-0.45633521094281304,0.1683036872971712,0.008457535974012997,-0.0005358238752506952,-0.00020730915411958195,1,14.840496882791728,organ,tissue_manipulation
0.008318450306609559,-0.0005771005269835825,3.8458520979038684,1.0149374703360743,0.49999395920259787,-26.052058452131124,-0.010405637967113251,0.0019181477831059488,-0.29143476946261015,-1.8537758900291126,0.49999685014653744,0.5181496691437748,0.0053919022678137725,0.0007930295662545352,0.015787740128099956,1.7577671156264185,-0.1591100870726683,0.26243359417815293,0.0084436109917136,-0.000219838695587975,-8.916201365480096e-05,1,14.756743808772427,organ,tissue_manipulation
0.008304485388114975,-0.00019661814079077007,3.8550678978567654,1.0357699945993324,0.4999696832580007,-26.31954364447968,-0.010359973746846466,0.0006252634959860504,-0.2972479800457047,-1.8329451366354441,0.49989131663587516,0.673666501846296,0.005413369167424953,0.0003587694037207687,0.01168888918962316,1.7538810308930382,-0.05547418918754263,0.29008299903624385,0.008437355505740181,-0.00010932620434012607,-4.849790138462238e-05,1,14.63784905325535,organ,tissue_manipulation
0.008300230198350831,-5.073475791077145e-05,3.797258826179974,1.0566045811335079,0.5000016182937161,-26.56697356841617,-0.010345003881006069,0.000233649354078051,-0.3310268207282286,-1.8121144175832657,0.4998738600205608,0.7189184298050217,0.005435413148457507,0.0004543468040188424,-0.00425814634478915,1.7525236796208454,-0.01946537231687112,0.2997424972163189,0.008436828879360203,3.0242704842936823e-05,1.5022024453462333e-05,1,14.665265520948637,organ,tissue_manipulation
0.008299047294033681,-2.1670569319489665e-05,3.6472399970622726,1.0774381813431915,0.4999858331251724,-24.111901957578528,-0.010336597947267375,0.0002058807595097258,-0.36891006889030675,-1.7942967624325201,0.28687388753459553,-3.4210085214819372,0.00544628441660437,-0.00040461130162671756,0.07153128394384164,1.7520529120386277,-0.006711024078252484,0.36924809198131175,0.008439422959394144,2.8513184372105232e-06,5.2449649493402934e-05,1,15.427989516979228,organ,tissue_manipulation
0.008095707003842817,-0.048751471611442,50.0,1.0936098603499618,0.1860595465326631,50.0,-0.009444942322213138,0.21300300928229712,50.0,-1.7862886542393752,0.33889911592531835,28.54168807187905,0.006159261051255208,0.17115097896190554,2.584723637996992,1.751403772579861,-0.11896444799378844,-5.388665052328615,0.008437916999236019,-0.0006621247535403105,-0.03269843738751398,1,313.94901032838465,organ,tissue_manipulation
0.01454555147329255,0.4703716691516181,50.0,1.0948206586333598,0.01831156473610024,50.0,0.009491745347705102,0.34787391277280266,28.82901927450544,-1.7779938132141089,0.11839295792275417,-16.218401320503443,0.010377877573481374,0.06111054705087357,1.531082269976417,1.748407831862634,-0.0429215136419646,-0.6479570773750382,0.008423754476637096,-0.00011599546035556858,0.00423949756313466,1,165.0082968444604,organ,tissue_manipulation
0.0329863800658696,0.30850079504762407,9.980991783157787,1.0953116974429866,0.0076333542263793686,50.0,0.017815764146923232,0.11928142902342172,13.14208990541516,-1.7750975748076916,0.04158861700268091,-15.874629543942017,0.011952361784279037,0.02129253660478382,1.6630242467089376,1.7473642878209956,-0.014931327015129697,-0.5597863223991186,0.008288013410316295,-0.0017483895721357502,0.0015492539708876316,1,164.06351913670176,organ,tissue_manipulation
0.040518226701378834,0.10748760136428422,18.68978076306096,1.0955047585247732,0.0028415559505102633,50.0,0.020698081080125757,0.04018723480423753,17.066040775765757,-1.7740792305524453,0.014602889285933257,-15.19304060437123,0.012476342613107289,0.007662267417883454,1.6152591764282838,1.7469938480991838,-0.005645450199565777,-0.56109665733948,0.008219513912124835,-0.0017563928046182543,8.479791895093985e-05,1,164.04714294454328,organ,tissue_manipulation
0.04313873339604279,0.037429501460682094,21.385010287479517,1.095568432434655,0.0009657121177448491,50.0,0.02157115369005615,0.009482568694663771,18.2437636667235,-1.7737088766613824,0.005769096157396222,-15.29613356096387,0.012692897214640009,0.005331229708568445,1.5371921949267944,1.7467819662339712,-0.004557983412409004,-0.5931294847864217,0.008089768191338362,-0.003972976830231503,-0.0015908335070514842,1,164.26339108728658,organ,tissue_manipulation
0.044078500538241396,0.014510721628360205,21.312029903033746,1.0955962265870174,0.0004894837518002598,50.0,0.021282337614105574,-0.015242783544732186,18.074431474516718,-1.773588032719101,0.0011059500421433666,-15.309660712257198,0.012770623748052124,-0.004902774716091457,1.4377688021257358,1.7468828990767808,0.006627745237822856,-0.5771223368520707,0.0075699061903393705,-0.017515553743368363,-0.009667092210290882,1,164.16533616436888,organ,tissue_manipulation
0.044662500643329,0.05979312996872454,-50.0,1.0957041990836027,0.023316658109379357,50.0,0.019553957533581984,-0.33043510520097985,-50.0,-1.7731917188856747,0.08950417042179093,-3.4765154734995005,0.011337920273716521,-0.31930104757001004,-2.9809681134341894,1.7466605292958268,-0.08880919068953383,-1.324028257641649,0.00717391748407542,0.0014155716786337248,0.048638396585570856,1,164.0267184240035,organ,tissue_manipulation
0.03412911978021479,-0.49968704856418866,-23.093312809865957,1.0965829093247121,0.020135735585540354,50.0,-0.001202282155399657,-0.49209163326120337,-19.794892682894346,-1.7710075836493677,0.0313817026357886,-17.871102878004262,0.003379015996418505,-0.11592720165428955,-0.7644822127238895,1.7444660278267476,-0.03150396075865019,-0.28188537267747504,0.007243835609392596,0.005514100093408674,0.004270190388686665,1,161.19174926706842,organ,tissue_manipulation
0.013307407159854536,-0.4997246141825532,-22.010888480540352,1.0974857215656562,0.023717448690332238,50.0,-0.021708571722478923,-0.4920799634974228,-18.17682608436056,-1.7702418511288673,0.01095013830247911,-17.805914128283998,0.000538190681411509,-0.04063306000777059,-0.7209085010725148,1.7436991702404696,-0.010879235582271232,-0.24762629469335137,0.007375822730194811,0.001930745766574142,0.0009452015991788229,1,160.98625308310423,organ,tissue_manipulation
-0.0072531469856186425,-0.4436609868164725,0.4861441660680049,1.0981586135950931,0.010694101061281963,50.0,-0.03406958717417688,-0.17917331963440605,-7.351256728987043,-1.7699742601272994,0.0038331092424041605,-17.123521032459365,-0.00041534227874485383,-0.011601335361156324,-0.7098851646476187,1.743435829329304,-0.0036875834368345003,-0.2635120936941855,0.007377077861714817,-0.001964900009524305,-0.0031997134517762894,1,162.57402870826414,organ,tissue_manipulation
-0.018080843268558747,-0.15419986966353338,-12.605157709013605,1.0984256249299436,0.0038626559305645347,50.0,-0.038352737056055575,-0.06020283070991803,-13.05672672606398,-1.7698827548498028,0.0012953463919803954,-16.85441216404976,-0.0007709023563298215,-0.0060042175650133235,-0.6358483565322296,1.743342019655014,-0.0015680832916180748,-0.27802708091278755,0.007397501223979521,0.000990916851709196,-0.0006171966211200616,1,162.36865753181138,organ,tissue_manipulation
-0.021853750926664393,-0.05399674219854942,-15.757245935874282,1.0985303274403866,0.0013542138985885993,50.0,-0.039786606846308026,-0.019004618484003595,-14.624795228755481,-1.7698394989590402,0.0004962483538608342,-17.03876338242527,-0.000963997149004075,-0.0035362172226108737,-0.5581650919124231,1.7433058329249662,-0.0006811001804393549,-0.28240649179162175,0.007445079577748473,0.0017812620823389868,0.0005407880677435975,1,162.14378481547178,organ,tissue_manipulation
-0.023542574302147182,-0.1067425366394802,50.0,1.0978917425832324,-0.16004169465780144,-50.0,-0.03803962430577752,0.5000526121023284,45.034207712920185,-1.7719037324951632,-0.4987071406339201,-49.34744219900257,-0.0005215367651878714,0.1347631789925734,2.411343779653437,1.7453995146259904,0.4998919708814881,2.777312014265894,0.007563454449796943,-0.00022761409346172892,-0.0683227969978817,1,18.684076112574626,organ,tissue_manipulation
-0.008351959863599111,0.4998288354787192,4.923529674875832,1.0812661265182197,-0.49985078910834985,-27.760385946294562,-0.023311961863110322,0.21210564639081197,-1.3770895878971663,-1.7927062560803402,-0.49925852493064865,-1.343546120998096,0.0027747029471038138,0.04791128041280819,0.25802429554134115,1.76622802111921,0.5001348177046074,0.5579919936412879,0.007516892161467903,-0.001611046117870993,0.002680951083185981,1,18.41811097636211,organ,tissue_manipulation
0.005017817712717401,0.1909984411285525,-1.2151006281948062,1.0604380218883114,-0.49983591250480863,-27.34716207821117,-0.018093919462968833,0.07270392491573668,-2.955360140584746,-1.8135174579299362,-0.49940052048928624,-1.3404496464026026,0.0038812156922744556,0.017220709148974743,0.08826790993005273,1.7870601403717559,0.4999431087286142,0.5561117390795821,0.00749684934087527,-0.0014884678270013372,0.0007538899838941566,1,15.00890010716828,organ,tissue_manipulation
0.009668726548376645,0.06641125007235782,4.2429712892702955,1.0396153254163822,-0.49973750251463545,-27.108154861279072,-0.016338697976622574,0.025087450162729792,-0.2944496828617694,-1.8343123892113942,-0.4990462278429464,-1.4056662677722338,0.0043313445174879275,0.006514992336161157,0.07843622121370192,1.8078983015472305,0.5001321114583799,0.5566477262768502,0.007447683901026185,-0.0006468051239358504,7.310893829546032e-05,1,15.096813427312304,organ,tissue_manipulation
0.011294158710802981,0.023287191852836356,5.4154491729432115,1.0187938519426245,-0.4996884597497558,-26.884463614000254,-0.01571761514436947,0.009101521596475053,0.34915462148233023,-1.8551014350933044,-0.4988711003759302,-1.8172763913013406,0.004497680111079498,0.0023918149803793722,0.07824724878746282,1.828736073283824,0.5001063432436532,0.5567070673576986,0.007441476662730937,0.00013174863972451024,0.00018982585101000383,1,15.355609994069633,organ,tissue_manipulation
0.011866462663146093,0.008244117091846219,5.415198824856509,0.9979726757856379,-0.49971694214822804,-26.5939922183293,-0.015484532218760881,0.003517827305589119,0.44691269907655023,-1.8758899086734115,-0.4989433357183485,-1.6289300602887762,0.004551483069868238,0.0006879340146599654,0.08197030502264412,1.8494496917982672,0.4704216854728532,0.4794709829597407,0.007452924504442077,0.00031177155757517697,0.00020540721143529647,1,15.840140767074445,organ,tissue_manipulation
0.012068332924194304,0.002247293926697835,11.957947899254505,0.9783334024680371,-0.21601715105918723,50.0,-0.015246226816210216,0.03655904492376247,6.533418158840283,-1.8943106978762208,0.06949369545154566,50.0,0.004600753429304031,0.008461199432008251,-0.7310631895008244,1.8581738747403063,-0.49984497501415454,-2.6059628148465905,0.007445680286032898,-0.004459636267212886,-0.004885223830463443,1,15.998629018487696,organ,suturing
0.01212412791211959,0.0008158888628192881,5.085635738304844,0.9948930864099967,0.5001694317199403,-25.611594093113556,-0.014280349084779879,0.013779036870962423,0.31087215297643017,-1.892515960746935,0.02628748108169042,-2.0636318882349127,0.00481416154699398,0.002968650583460809,0.11743176202025946,1.8387967252654664,-0.3497887735015624,0.22005185539556524,0.007400827953365805,-0.0006212648211302487,-0.0001494961660326384,1,16.65164113689389,organ,suturing
0.01214480688183212,0.0003115219344290766,5.17500827078303,1.0157283060385924,0.500013095052774,-25.835586502986004,-0.013942464682039357,0.004851363123177957,0.3887625469588047,-1.8918766941279828,0.009014680032815942,-1.964970657382128,0.004893420511184985,0.001157313337508405,0.11134351472014846,1.830251983622589,-0.12223687630937918,0.27789765808672134,0.007387848171469837,-0.0001502879239400989,-1.9934941370906807e-05,1,17.132554720122226,organ,suturing
0.011841858088028038,-0.07443544741984674,50.0,1.0365899562237442,0.5045110734772551,-50.0,-0.011880516445760629,0.46797837194235936,43.368003493534864,-1.8899161559800381,0.4191090372144077,50.0,0.005370453650048835,0.10740090231595159,0.4074272133545173,1.825368012339294,-0.49951671957708477,-1.6536167704396307,0.007382027079983495,-0.0008002941890102893,-0.061320206289112375,1,15.00015828120361,organ,suturing
0.024010312486747728,0.237118599658275,-4.501004257773466,1.057425938609894,0.5000483567785468,-26.113245396136993,-0.00047237947821300976,0.16274426090982586,-4.432769381389165,-1.8690758310010325,0.49991420176353263,-0.4068587035402331,0.007967472957581866,0.037479066701955985,0.29485527572961323,1.809141267271611,-0.24393082800820626,0.240941578579971,0.007338418822940535,-0.0006084301156079673,0.001986968454392094,1,15.449586914093246,organ,suturing
0.02979610266238436,0.08225792559992406,36.78143421859441,1.0775329958850872,0.3249097217649906,50.0,0.0033675309192698357,0.033064847871865484,33.86062515291179,-1.855940568080944,0.19671029866115575,-11.485999065724856,0.008916698792347615,0.018251900669222432,0.9922528892337966,1.8028889755839044,-0.15659543379859842,1.9708830298166973,0.0072197832002779535,-0.018335571428657445,0.00041621399295811896,1,330.8034914835211,organ,suturing
0.03201958597128265,0.07762565886674813,-50.0,1.0789112527526425,0.11396170594653421,50.0,0.002736334848079605,-0.37818129973408765,-50.0,-1.8495116216972358,0.49994566913512384,43.269342645625684,0.0088851790466845,-0.09525058488643252,-1.8590896997104367,1.7986759530510332,-0.45925706743145334,-2.2642102512814724,0.006937060202240482,-0.00025047480355359225,0.050663065430985935,1,167.14884639798285,organ,suturing
0.02126102054484119,-0.2317905743996367,-1.2237722277448835,1.0836344633748907,0.11052877953919069,50.0,-0.0076773146043306005,-0.14775835631871748,-9.048537648964208,-1.8286780114598704,0.49988346316848875,-6.026223250273853,0.00649995604308405,-0.033078859367354316,0.18258823561970772,1.7874895947881289,-0.15543943049706502,0.314578555540644,0.00695354494335467,0.0011950790203366641,-0.001614040575735412,1,119.11745816958893,organ,suturing
0.015597449591647385,-0.08080715012683329,-10.256944316701505,1.086406007635028,0.04036587523778132,50.0,-0.011235992556311565,-0.048409042074993025,-13.175443345112466,-1.8164415799862526,0.17510679196607332,-8.686165691317498,0.0055933181263091505,-0.012618974993951607,-0.048842082323836994,1.7834755131025777,-0.060320781852325964,0.25239058072436554,0.007007262145549685,0.002922046978888924,0.000376995901555831,1,176.71001633429844,organ,suturing
0.013864895339358167,0.029461229346375406,-50.0,1.0878751479344926,0.1266483617607289,50.0,-0.013894168224028992,-0.4056985719360431,-50.0,-1.810299973137787,0.49991680649398196,38.70811509116926,0.004882699755352666,-0.09973646206288851,-2.193572013702811,1.7804818025917597,-0.32681923372726307,-1.4854232934087033,0.0071988912006595365,0.00019818082127736475,0.05580886027487279,1,154.917534390979,organ,suturing
0.0019789169381938467,-0.25959565003078067,-5.753005153779214,1.0925560106762844,0.08241965711568829,50.0,-0.025030887189574857,-0.15732516966910032,-11.481542033691204,-1.7911972099422355,0.3361081597197143,-14.785687136157948,0.002407278921782732,-0.035916135388801305,-0.6172501413828954,1.7725026637678183,-0.11490074160005563,0.5991369168601375,0.007263794236036616,0.0022596722473305075,-0.0015483360682178261,1,170.2856682912498,organ,suturing
-0.0043523470239093314,-0.09009001543134437,-13.440858622478176,1.0946000493967227,0.029571863861987346,50.0,-0.028788168141294746,-0.05188328977533306,-14.983821786111825,-1.7829759920900041,0.11771339013904229,-12.573238212364815,0.0015687165842210229,-0.01167057441597463,-0.5996805582640636,1.7696514980133233,-0.0424708468488117,0.65049867442039,0.007401090723113417,0.0035681093925712688,0.0008941401536670796,1,168.65606482315312,organ,suturing
-0.006909012875059366,-0.11607410075600144,50.0,1.0957513191945545,0.11066369055943903,50.0,-0.028346085419074928,0.3718542512773889,49.01049210279326,-1.7781527538794695,0.4999783450970479,42.938919368397606,0.0015638780759331752,0.08131657747166282,0.570206050448971,1.7674481398175559,-0.22189377838753316,-1.7934164921312319,0.0075416044362690785,-0.0002760979351160448,-0.051738044694460236,1,159.991206116793,organ,suturing
0.0016591478995731405,0.2292623613026075,14.034502774651227,1.0998652680559065,0.061138948776857605,50.0,-0.01941326436488462,0.12506334910691425,16.2997752102299,-1.7597671698445758,0.30687853605717025,-12.787789589341864,0.003547465577357836,0.02987974463309825,1.636053411774278,1.762270956579604,-0.08542635920131685,-1.6196844000105142,0.007408476703955492,-0.0036629663781171176,5.5339985053719075e-05,1,171.3906751195819,organ,suturing
0.00724916131945322,0.07963995646243638,20.89089961242198,1.1013871647905193,0.02202037793184379,50.0,-0.016417620574548448,0.04061189500534437,19.252113093623386,-1.7522595294083654,0.10759819380380695,-10.729416508466224,0.004223532270255974,0.008541702479393792,1.5776489396559572,1.7600942534921806,-0.03568266834753337,-1.5832537314544783,0.007261113271185162,-0.004044865499136633,-0.001068815327900814,1,171.12005450447214,organ,suturing
0.009298134378811376,0.05096250662584369,31.468877291456337,1.101726669218769,-0.041218222680918265,50.0,-0.015399047937528774,0.044489426344836644,22.659838725998803,-1.7504776392079935,-0.17453913062720847,-50.0,0.004498982049796266,0.01196537806668389,2.2460420312715605,1.7590541304332015,0.024096562277261632,2.061250733141638,0.007032648084328229,-0.015043823418883715,-0.008889601619912287,1,152.20188628146178,organ,cutting
0.010546177226031026,0.018003429816689516,5.371458496382597,1.0971820461107118,-0.10932660443030985,50.0,-0.013923455832967557,0.022108600470901397,4.096228457907375,-1.770695902718095,-0.49937210271430227,-31.449805508773025,0.004706429543416194,0.0037966032145616453,1.2328254083950319,1.7595909024217444,0.007783334142422382,1.9997448286472785,0.006973840076488376,0.00017828356548587904,0.0003808409635581375,1,143.18809220365927,organ,cutting
0.01091961860643695,0.005021423293161297,4.038482107365224,1.0934439729608307,-0.11460518809810531,50.0,-0.013399762473924812,0.015338374768021672,1.762848634825969,-1.7873402603671673,-0.49928304468192203,-32.09449739257063,0.004834186321682064,0.001162334778632453,0.2855349986818369,1.7591554978792836,-0.09546643001098484,3.5964663760194147,0.007003571248339837,-0.0013671069028876773,-0.00027977534650274757,1,138.99521008380745,organ,cutting
0.011044097147534663,0.001806435576541365,3.5165855694484267,1.0887741587626003,-0.10980811088353327,50.0,-0.013015833587530687,0.005606537529088447,0.8289015098637884,-1.8081419206444995,-0.4992065327158275,-32.24476548749725,0.00487340454788053,0.0007698933686069772,0.2269537249006533,1.7568235624891748,-0.03330096320663674,3.8266935769476014,0.006980078657912244,-0.00018972188838073801,-3.0487757184981593e-05,1,142.42228726996726,organ,cutting
0.011067610476401646,-0.0023450189970337966,3.452761886008651,1.085299768628114,-0.08537868300637118,50.0,-0.012885059074038087,0.0062840241623677035,0.9737389642031397,-1.8243680058997296,-0.41645827627515564,-24.009472249113767,0.004887433633666152,0.0005729678752990405,0.09735616463264753,1.755480045854796,-0.16675537518085537,3.1240737242760166,0.006967055879462719,-0.0011560784715719916,-0.0007572587163042587,1,140.42095369823582,organ,cutting
0.011011190651552294,-0.0007805362939457014,3.6878278064058283,1.0832402164950719,-0.029326722077492873,50.0,-0.012739261988163096,0.0017680445040962208,0.7864044009142536,-1.8345442011744089,-0.14535783194628216,-29.591197640407994,0.004901340392113371,0.00018103109762986763,0.18501089745448981,1.7514005819506269,-0.058470460268496935,3.7006087001009282,0.00693246147974601,-0.0007555350981596176,-0.0003410913445228597,1,140.4352005579443,organ,cutting
0.010980426671444209,-0.0038490840076857843,3.7131826277575164,1.082791496451341,0.029349076418927762,50.0,-0.012695749099630081,0.0033963744735073503,1.2217892951693667,-1.8368620096630404,0.1264458010128978,24.176448355840463,0.004912119496259206,0.0018095495891970997,-0.3572087588829642,1.7493023338482492,-0.22912841761981645,-2.4747950852480316,0.006905385558227835,-0.0019223892031585781,-0.0009498836611958164,1,184.41114622550086,organ,cutting
0.010885832338042356,-0.0013411146200590473,3.7226607738749102,1.0835218151154127,0.010557050757772135,50.0,-0.012616854825188987,0.0009653917069380015,0.8728913451538334,-1.8337681140274564,0.04418865250632525,2.4169807933502496,0.004937280177103091,0.0003381316755436837,0.00855973568202424,1.7437128106830406,-0.07974204014243631,-1.4670486138341827,0.006852035147149037,-0.0008986433502695455,-0.000453694646381709,1,191.82081652016657,organ,cutting
0.010840136643177772,-0.004639748808750325,4.239779152931889,1.0841258605974937,0.09535440992000764,50.0,-0.012587385726839822,0.0027444177065836877,1.4955386790367333,-1.8311118744179398,0.4424760942122187,49.461153728359875,0.00500156642223469,0.0016834123083237628,-0.8250092335631491,1.7414781671896489,-0.26255722009968796,-3.0515566342666154,0.0068278150952526045,-0.0017148003170688797,-0.0008558702468723971,1,180.62945192052652,organ,cutting
0.010728428611971798,-0.0015875952830687403,3.695637524026457,1.0865124566567268,0.0345943514886841,50.0,-0.012514041755050729,0.0008844348257589741,0.9047520257964002,-1.8202926254246399,0.15429727574400434,0.5532956890142576,0.005038302576806103,0.0004503336561558092,0.04319238791205783,1.7350857649134532,-0.09119381640471275,-1.1818406193339028,0.006791201153554278,-0.0006753880862235246,-0.0003164957960872147,1,189.58428694873808,organ,cutting
0.010681132313420931,-0.004009950089812489,4.06302206059831,1.0876168352559128,0.10147655847032451,50.0,-0.01249591959563631,0.0015876634777278837,1.2838609943772592,-1.8153987079420852,0.4497448235558434,41.8823118889785,0.005053523330795145,0.0015216993206698705,-0.6896541531709033,1.7323652017280982,-0.22495921717972464,-2.3687547320968165,0.006766374717981735,-0.0016513522036821749,-0.0007865497562735366,1,173.99761636202237,organ,cutting
0.01058578009594836,-0.0014060704660802566,3.884673640427845,1.0897803927316876,0.030541522933876367,50.0,-0.012515299320067425,-0.0006135232507293348,2.6762650367793435,-1.8044072325541272,0.1570239313671489,2.3543401650324016,0.005092725273805412,0.0003175550621863487,0.054588426247240134,1.7270263006263535,-0.08244496213400859,-3.751079442177247,0.006679133560488088,-0.0015456913881949736,-0.0007408935433927021,1,193.04133213446713,organ,cutting
0.01054698161790552,-0.002840687172114237,5.347635984074669,1.090802114054921,0.0994520292125752,50.0,-0.012540940439505608,0.0005368989949954056,3.7189103048745276,-1.7992464751611532,0.4999318453515914,49.58030663161559,0.005101983244085813,0.0017961863398333836,-0.7562502351092282,1.7245125506600794,-0.21779659528841244,-5.1119026199327315,0.006623848296785014,-0.0027778907732899606,-0.0013010829340135144,1,190.41991745577366,organ,cutting
0.01047961427647112,-0.0009404451954946381,4.041999156055765,1.093418145891311,0.03823876924443109,50.0,-0.012535275655891085,-0.0005643517205311988,2.8103862581294576,-1.78647685940369,0.182324388871072,1.0208532738748728,0.00514519792946338,0.00043533631126316946,0.08621767429510147,1.7192269977293464,-0.07545875096713056,-3.4110116557686205,0.006551055260974261,-0.0015844786140066687,-0.0007743384671536222,1,190.19023355453962,organ,cutting
0.01045186259355948,-0.002381828852743147,5.330243556394295,1.0946152823588724,0.10611021715173838,50.0,-0.012561581819471224,0.0002931634918590959,3.6023804913651096,-1.780826416665753,0.49987669576890936,46.371492411447576,0.005156876015391313,0.0017387883371525019,-0.6891598397513432,1.716892386163618,-0.20661120850718162,-4.667178622091241,0.006494737114138223,-0.002700072807482166,-0.001267913847691349,1,183.48692195419932,organ,cutting
0.010395268990580846,-0.0007946562133483207,4.096339637652503,1.0975958437141626,0.043548033550757564,50.0,-0.012561501060003004,-0.0006196798289425758,2.8025738718629527,-1.7671541397612973,0.1954903765493966,-0.2640148200304637,0.00520470351806316,0.00038358330906337716,0.12330810583544372,1.711875198943356,-0.07158936048540746,-3.0732159896706173,0.006424890763623372,-0.0015365139237769904,-0.0007503357389376159,1,187.17922851084924,organ,cutting
0.010537745893626814,0.0377746454867673,9.393036948938244,1.0979203053657405,-0.12834488923323045,-50.0,-0.012799586489872498,-0.05048702553492265,-1.3835102694747914,-1.7650513389645273,-0.4133573765575642,-50.0,0.005118312413700468,-0.021555710222895177,0.6695115932314787,1.7125636258133494,0.500894604090093,2.9053033487967825,0.006375977368352319,-0.001342475684318012,0.005902737475659723,1,17.606790408788857,organ,tissue_manipulation
0.011460540684312823,0.01323721229709058,3.5447236857657423,1.0815851939224426,-0.4998895426922126,-27.784369840139426,-0.014039605276369911,-0.017484621548133038,-0.43781329212758824,-1.7858430417848232,-0.49951029281236864,-0.5813805944499284,0.004584055256336127,-0.007364601740738589,0.0011049514941432678,1.7333963520077635,0.5001404906924979,0.5562231013663105,0.006337410425977039,-0.0003508934071686878,-0.0004681846401258171,1,14.998425766456538,organ,tissue_manipulation
0.011784858139843167,0.004647732971071676,3.4289433992637175,1.0607562419638168,-0.4998855324374797,-27.538727706093376,-0.014463481441505874,-0.006028634082443128,-0.5428646864828301,-1.8066558800690893,-0.4994891549139354,-0.5218114786945919,0.004409951760691444,-0.0023544007165150864,-0.002358456588966468,1.7542364211156896,0.5001511847811229,0.5558385534399088,0.006332710112262616,-1.771831811446349e-05,-0.00011107754528321822,1,14.987674306104086,organ,tissue_manipulation
0.011898979425375121,0.0016424156313782526,3.3514266349221287,1.039927691984619,-0.49989122887751003,-27.30594778598514,-0.014606835102333722,-0.0019197196972883012,-0.568065978728231,-1.8274670385706069,-0.49944853397255945,-0.5972264772230812,0.0043552254815318785,-0.0007439032792327382,-0.005155304907281362,1.7750760348550696,0.500156659019614,0.5562481584946152,0.0063364379007354605,0.0001756920290993864,4.295409460924299e-05,1,14.944187330798126,organ,tissue_manipulation
0.011939544401940302,0.00058916027636746,3.2513866839411056,1.0190987757590686,-0.49989704192574547,-27.068823228429217,-0.014650773433304442,-0.0005607756698336516,-0.593672108453777,-1.8482768060589567,-0.4994236545417218,-0.6592575740441401,0.00433966760658916,-0.00015378605438814107,-0.0059751236344200275,1.795916411494836,0.5001817030293703,0.5565332069669154,0.006344126770831743,0.00018935215028378092,7.92554977166426e-05,1,14.946806542072334,organ,tissue_manipulation
0.011954497580390236,0.00022576589889512387,3.2334152933126963,0.9982691634175215,-0.4999155011282066,-26.824463134825546,-0.01466366401426453,-0.00016998584028194005,-0.5712170912427749,-1.8690881542813023,-0.4994666469612552,-1.1043390692829695,0.004341373428841387,0.00014234897303727796,-0.02780487548823061,1.8167549754615198,0.5001383677305038,0.5566469984671222,0.006351082976064735,0.00014853670246055403,6.555708022567984e-05,1,14.964639633503738,organ,tissue_manipulation
0.011919533731089161,-0.00977262051681985,4.725683266392186,0.9786298193764678,-0.21362742148604086,50.0,-0.01457806126316201,0.021190607282159424,2.6815875318069944,-1.8875304131557993,0.06925953424453124,50.0,0.004361997306694455,0.008470611739479121,-0.8858153959639155,1.8284364696799482,-0.5001893344279861,-2.763623445277815,0.006345053526339811,-0.0015516564591967564,-0.0029295393475630605,1,16.242636920115597,organ,tissue_manipulation
0.011679343446117346,-0.003442124986463483,3.3040320235817564,0.9961588334373312,0.49998465912421625,-26.133824249782474,-0.01403712118476338,0.0076730760339577125,-0.5577518189371308,-1.8667027623669732,0.5000188854544478,0.6809254810629993,0.004554582357852619,0.002687047434619323,-0.014810383071820811,1.8077903972722722,-0.45528667287970664,0.17148833921768963,0.006322241469472923,-0.00037383686352855346,-8.538468599518994e-05,1,14.768206291139903,organ,tissue_manipulation
0.011595165388232303,-0.0012048811258303404,3.3588005330842003,1.0169926474679354,0.500006985650043,-26.404662865143298,-0.013852425994604942,0.0025824369223010446,-0.529076247096771,-1.8458686294285114,0.49996320638522357,0.8881025222882987,0.00462342612682515,0.0010722801562967448,-0.025728635505828823,1.7966700306807437,-0.15876922742509364,0.2631530139573662,0.006311431807678603,-0.00018730719743999648,-6.0823762540919395e-05,1,14.687035703648037,organ,tissue_manipulation
0.011565351786788318,-0.00043754276837516923,3.4403469427468756,1.0378253168380882,0.49997052724814184,-26.710708777960072,-0.013791836830481297,0.0007928860461272795,-0.5082060167800504,-1.8250388026997935,0.49989288746683086,1.0607463079349364,0.004652443676632789,0.0004394083115530512,-0.025554176099061108,1.7927927911673005,-0.05534553035122229,0.29076416359976687,0.006304946447566724,-0.00015618366759676547,-6.197256559173933e-05,1,14.617996854816038,organ,tissue_manipulation
0.011554206674577969,-0.00016724056333993864,3.574239502554962,1.0586560828000269,0.4999110181528382,-26.981754912742844,-0.013774865036995916,0.00022254041090733747,-0.46660818174567903,-1.8042119527191571,0.4998047112221276,1.2041206462901313,0.004664825463639167,0.0002233173553564255,-0.017488237075852488,1.79144141143688,-0.019282304730080843,0.3004401581093106,0.006299024963242402,-0.00010164130739285745,-5.2352744368244706e-05,1,14.663118873366487,organ,tissue_manipulation
0.011550109685498276,-5.053791233204782e-05,3.450105141475855,1.079486055716888,0.499954144040699,-24.882826186950098,-0.013768602794378715,0.00012749452583231185,-0.5046405928247338,-1.7881769727602361,0.2393611126873307,-2.284914547405012,0.004671152834149572,0.00015515077246902077,0.034647068417805245,1.7909713276462929,-0.006682845918967853,0.35627503067581656,0.006297286497399517,2.085391627658622e-05,1.9461897946650133e-05,1,14.72188100608154,organ,tissue_manipulation
0.01119417512197952,-0.08495461505107758,50.0,1.094291682149835,0.06544510481396562,50.0,-0.012203042646952867,0.3779730163432196,50.0,-1.7812799337726397,0.3039775592420803,14.11688217302344,0.005412383099009082,0.1728307022341623,1.6588040501201662,1.7897115906208363,-0.14091627276848886,-0.7243186574315321,0.006293757320212475,-0.0003008427224786671,-0.05521576962642713,1,163.7570671263783,organ,tissue_manipulation
0.020378142820481008,0.49988255946647175,27.106207869666928,1.0959151081312546,0.024964848030414974,50.0,0.00669902153783763,0.3188247253445362,17.58969179676308,-1.773848683228631,0.10611367304524298,-18.33446879351461,0.009655716823601461,0.06520883515127329,0.59719617129731,1.7862671554977356,-0.04864604445694339,1.9362536494965756,0.006258160522241083,-0.006741319187624963,0.004823385575111579,1,159.73321882458404,organ,tissue_manipulation
0.03773654417064398,0.27301366928451015,11.085490631597777,1.0965564594786963,0.009553696956147995,50.0,0.014548849267449256,0.1118301689728393,12.246872048377691,-1.7712510188308426,0.0371611162793996,-17.821846581124557,0.011205858637878702,0.02204436570999585,0.6402033564976127,1.78508527069853,-0.016852117764322348,1.9940816162526378,0.006139269217268247,-0.001908481404464831,0.0011584769031638036,1,159.15995953374596,organ,tissue_manipulation
0.04440285820839835,0.09505659756441015,19.023161660217525,1.0967602630153752,0.002484257776500867,50.0,0.017244437587508692,0.038095466247001136,16.474080613891186,-1.7703465132875391,0.012899405830766077,-16.701405038967774,0.01162024148057437,0.0016593552897391246,1.0549001289183797,1.7851684044330134,0.017121864439952998,0.7932202105838854,0.006036667051955801,-0.0026572818407693457,-0.0006956346017549515,1,91.78383425638958,organ,tissue_manipulation
0.04672002619398415,0.033134024595474265,21.12027425732372,1.0968116473595417,0.000747249330007263,50.0,0.018049720943753057,0.006875689174844625,18.280030802575094,-1.7700299564665825,0.004431596390188357,-14.724555348567499,0.011926766490448947,0.008066590275226708,1.5711134903845847,1.78473894900542,-0.00660570902399904,-0.9884581934476215,0.005916880762852102,-0.004948800263122595,-0.0016492188851756245,1,165.60451023973923,organ,tissue_manipulation
0.047559341587161096,0.012811471238630667,21.493813713970066,1.0968357808400278,0.0004415668138972595,50.0,0.01766255142140626,-0.013454011371705986,18.364065051108337,-1.76994727194156,0.0007120236175393729,-14.785670908618167,0.011977712476943455,-0.004509153105038414,1.4872358091929236,1.7848397135654637,0.0053430238825956725,-0.9758739825443611,0.005332102465977891,-0.01581032278233091,-0.008729352012021891,1,165.55056874344518,organ,tissue_manipulation
0.04810392997941515,0.059666028758364444,-50.0,1.096963811116407,0.028240138202676887,50.0,0.015951781963669177,-0.3358731517733462,-50.0,-1.7694622488343994,0.11265796941920075,-0.08389375774143504,0.01049253304723291,-0.3327396462109758,-3.148459869208416,1.7844480505371463,-0.12535806233254598,-1.9889530761178376,0.004972646609325207,0.0011001759724664321,0.051347933022941016,1,166.52481745535832,organ,tissue_manipulation
0.037509256592500505,-0.49966034905461254,-23.449694850566896,1.097777083614407,0.014373262824010913,50.0,-0.004785105214924098,-0.4915243979302838,-21.010542355648198,-1.766709709228051,0.03930964553198887,-19.413543920986747,0.0022236468759884273,-0.12097427380024399,-0.7774516563338133,1.781157189068269,-0.03730390376596104,1.6431961346777888,0.005049060437371971,0.00554633561602182,0.004262701466527851,1,158.00456439237087,organ,tissue_manipulation
0.016686805985606488,-0.499843968365787,-22.270693926375102,1.098391944357758,0.016016531120982946,50.0,-0.025276310017674018,-0.49160514765311564,-19.304246481376488,-1.7657492768351233,0.013614343056009899,-19.13035325590817,-0.0007254810750061129,-0.04251777322443844,-0.7251557501466586,1.780237628508799,-0.01324416103491561,1.6896135323193726,0.005179360886552582,0.0019447970242360965,0.0009395830182795735,1,157.45241916232015,organ,tissue_manipulation
-0.004137822411522619,-0.499705703887705,-16.703586317681978,1.0989204652057438,0.008738579703368152,50.0,-0.039046620432607246,-0.19740239671448223,-15.110081431086838,-1.765411729773914,0.0049609428369031885,-18.66197495041197,-0.0017256552578085857,-0.014072780156372458,-0.6238047809629971,1.7799155767250014,-0.004546363096808961,1.6962200884719671,0.005182948046883237,0.0002093165214410845,-0.0028388863053616623,1,158.26852487683914,organ,tissue_manipulation
-0.01678537655374411,-0.18042270965906554,-9.665014529405674,1.0991460695103006,0.0033618075858474067,50.0,-0.043896135103603386,-0.06851524554521704,-12.865562542614892,-1.765292765371388,0.0017761474770640051,-17.967130718517687,-0.002052012276600766,-0.00494780906058025,-0.7044844950204151,1.7797988651157164,-0.0020029932521481025,1.6853403644860119,0.005167403807947782,0.00035621702184651096,-0.0011096487149674515,1,158.40834901392276,organ,tissue_manipulation
-0.021186102742521435,-0.06270156954430905,-14.078055462181712,1.0992270286913135,0.0010771169037339379,50.0,-0.045531196482033805,-0.021682392118847593,-14.892355459103495,-1.7652414640394225,0.0014777696598344894,-17.671360842806976,-0.0021821173924994474,-0.002148839579608871,-0.577558147481086,1.7796522751269592,-0.008469192748893788,1.6396783694641794,0.0052095863647424814,0.0020932208413086397,0.0005805221540651515,1,158.6215912106733,organ,tissue_manipulation
-0.0231006987365127,-0.11223678278872588,50.0,1.0986082677636502,-0.15989211663419634,-50.0,-0.04385634478081262,0.49999733032698673,45.06224292035162,-1.7672189167988652,-0.49927015001632535,-48.93620524365938,-0.0017424669278011317,0.14132514176691643,2.5351787610115823,1.7810383587247882,0.49976810784815917,2.789639789966693,0.005314344031726114,-0.0011705767160789526,-0.06931506665604023,1,17.056794736787865,organ,tissue_manipulation
-0.008199345378662405,0.4998548784787418,4.452686877441978,1.0820722177662645,-0.4999767277464645,-28.197097430754543,-0.02822065547602854,0.23035968024047918,-1.8375856368984276,-1.7880336667132108,-0.49939564471709047,-0.6946142438632451,0.0018673493133323424,0.0518285378794531,0.18252422975469615,1.801871793630694,0.5002657479651136,0.5585544310385657,0.005269188589378646,-0.0015609610934232637,0.0029928938709926044,1,14.729386706504968,organ,tissue_manipulation
0.007389466890586449,0.22969729106050174,-3.129812743031442,1.0612433385170243,-0.4998026604140948,-27.739734687200453,-0.022567019572053905,0.07954754486118405,-3.916169495252596,-1.8088412505884797,-0.4992396918464374,-0.6434116673410538,0.00306077986794461,0.017272018584087914,0.18479483003741232,1.8227109393136538,0.5001697111541406,0.55666102053926,0.005238230386720794,-0.0014317662852790258,0.0004974461636831428,1,14.966509082444052,organ,tissue_manipulation
0.01299624127066102,0.0801641603928923,2.5310452661995573,1.0404189714957792,-0.49978497266508337,-27.48540941082733,-0.020643716175785295,0.027750821111826834,-1.1523848671454464,-1.8296458718416426,-0.499361674408565,-0.4915464719390324,0.0034042910639515444,0.004677934930964356,0.10316033694542673,1.8435454814678904,0.5000129144255053,0.5566191094560184,0.005166472533654644,-0.0008497570922003784,-0.00013472168991933455,1,14.950595953717404,organ,tissue_manipulation
0.014963758453455187,0.028257770574277363,3.089758788218046,1.019593399975645,-0.49983951496451,-27.24342234069201,-0.01994090121362099,0.010512744672620842,-0.753470101691932,-1.8504534355556421,-0.4994110236655246,-0.4751864656014442,0.0035607992243512562,0.0031170247440181157,-0.009104389515227714,1.8643809534876714,0.5000952350206276,0.5566433563266903,0.005177284400246092,0.0007761260744038583,0.0004912049083714811,1,14.990076985966946,organ,tissue_manipulation
0.015658488943731334,0.009993420442884258,3.0780270634377955,0.998765985434187,-0.49982846096622024,-26.94899624638649,-0.019670138687695515,0.004132272609783994,-0.6855748696457014,-1.8712632316583895,-0.4993280489148008,-0.42335659073653553,0.003683958862331495,0.002910351393645233,-0.039462561722800146,1.8841442409513185,0.3714719386163302,0.405200030528126,0.005221532808459835,0.0012093924878478737,0.0006985107890617463,1,15.032867467263884,organ,tissue_manipulation
0.015886832456013175,-0.0007287209885677385,10.19015339696969,0.9790911315508792,-0.22349300048641482,50.0,-0.019368352289306317,0.04825965802036539,6.292131758082979,-1.8899087530488963,0.019131675096485945,44.83819859243289,0.0037984233466447836,0.012511712630882653,-0.7588392804249691,1.8905943459658099,-0.49987439064633055,-2.3955952233182565,0.005238439640361937,-0.003494474897628442,-0.005894033021180063,1,15.877676424237423,organ,suturing
0.01586945918014529,-0.0002217669064633345,3.0793208790889213,0.9955716813758659,0.5000775950798457,-26.18643529187539,-0.01810925709477481,0.017929556019828232,-0.7061210116013277,-1.8894366329889654,0.006796069371217309,-0.034056292551851164,0.004071754832125473,0.004360224753856222,-0.029862911642220567,1.870902634884645,-0.36641266077102064,0.211789194547686,0.005211203101365615,-0.00028817059426257364,9.183831085810344e-05,1,14.8664591915632,organ,suturing
0.015864746370130148,-5.5726272280272196e-05,3.143199669446592,1.01640818636628,0.5000750390569795,-26.25741222101214,-0.017669787192382356,0.006303470126044619,-0.6280088711832816,-1.8892706590238608,0.0023691897202946163,-0.11748327353025986,0.00417741100001166,0.0014916911663317226,-0.021445882674356674,1.8619531707826575,-0.1277598988448787,0.2746958689292386,0.005204949667798074,-7.60218830962195e-05,4.621201924244322e-05,1,14.774498167063674,organ,suturing
0.015571048203942077,-0.07022262814227151,50.0,1.0372580800158846,0.5033065184560568,-50.0,-0.015561769391771473,0.4710307380414942,43.2820962351019,-1.887527547111743,0.40528209574594826,50.0,0.004651642728090061,0.10564021558486257,0.31186067938515916,1.856934607754135,-0.5000937038886819,-1.5939301136410844,0.005197400698062793,-0.001431408202631209,-0.06122981464107205,1,14.540098561876539,organ,suturing
0.02775046474058277,0.23332490133058245,-6.085313264030191,1.0580912165067389,0.5000191551067309,-26.41595807938638,-0.004073011447732143,0.16387291038318566,-5.317028446019734,-1.8666928260865918,0.500066725285493,0.21433336075501644,0.00731625392244797,0.038552796627839496,0.04458596596483644,1.8402922244178568,-0.25404226413804154,0.23773663038167964,0.005173096290173036,-0.0003164082881946303,0.002054194835417762,1,14.707187408078083,organ,suturing
0.03344424135102492,0.08181099246708388,40.63612991596237,1.0775587004497837,0.1716772648638344,50.0,-0.0002896262196502931,0.0100670273443315,39.24855720891472,-1.8535368915877395,0.19847478583935746,14.321627382341878,0.008247139676688916,0.0075394542568364385,0.5794448268156441,1.833729828329324,-0.1747780445279854,-1.7287956713343269,0.004984996635286954,-0.03938491321087362,0.0005019038781225353,1,507.49077997191023,organ,suturing
0.035655932121254355,0.08265702408546574,-50.0,1.0789104547102695,0.112852120241886,50.0,-0.0007742622021119873,-0.3774061649888725,-50.0,-1.8471182371015857,0.49985105508610345,44.15351088428136,0.008133952301664605,-0.0958592524617421,-2.135011281571708,1.8293514930082595,-0.5003101300906535,-2.6958283897687267,0.004793423593999004,-0.00020132173854824423,0.05107427400902112,1,170.10105491430306,organ,suturing
0.025018422623948662,-0.24829333106099752,-5.482199030267977,1.0836397963891793,0.11332856213671166,50.0,-0.0111941485960912,-0.14641224550627494,-10.771350561864999,-1.8262818754576942,0.5003481203995216,-5.7763230991479375,0.005830964710002206,-0.03316606095698426,-0.4651717841666305,1.8170561762028754,-0.1757968890055624,0.1670049416756765,0.004873036197470518,0.003140067516020483,-0.00048392678899536316,1,177.5640939808744,organ,suturing
0.018963362374640396,-0.08620857307786813,-11.67613800701691,1.0869158359858386,0.04803491731497736,50.0,-0.014711110505083036,-0.049062508979908895,-13.171404258065184,-1.8120534801242267,0.20499261978643366,-8.294838826067862,0.005022650346043398,-0.011649502650503806,-0.3264752865381639,1.8127340440169675,-0.06353659339963019,0.25609636942791386,0.005001226550275367,0.0028226715541686924,0.0007746853423108279,1,178.0332566359619,organ,suturing
0.017095886125455317,0.0290398210053121,-50.0,1.0885342495620085,0.12667120397553597,50.0,-0.017468388465814874,-0.41144954485595436,-50.0,-1.8052377564677808,0.4997785083281884,37.6631582639336,0.004314286391193217,-0.09686396041192595,-2.1320132644796965,1.8097820882208584,-0.3321189109698762,-1.5394620010627487,0.005132281433073564,0.0006336096943164362,0.05568266778470147,1,92.16185567070016,organ,suturing
0.005096377784235219,-0.26047059518752064,-5.3077367238772135,1.0931752709502542,0.07786993181421398,50.0,-0.028427377427721136,-0.15494663917045148,-10.780991446968498,-1.7869696239906026,0.30200948110932396,-14.860468655218188,0.0018519464926977681,-0.03560089020846701,-0.3527354281621599,1.8014350596626723,-0.11935889172233993,0.9990067875739742,0.005216287870069968,0.0024211057769815292,-0.0013069465931951514,1,169.2444748485141,organ,suturing
-0.0012596631578493263,-0.09050000811230799,-13.053597707707125,1.095045398685921,0.02670135409090646,50.0,-0.03216033120479683,-0.05254121312491605,-14.714693710171579,-1.7795865238579478,0.10562458137458813,-12.328215697581612,0.0009900428810291162,-0.012324665314585913,-0.5808337121990871,1.798544809637532,-0.04590038057907215,0.4596317988765446,0.005322372959999422,0.002190962577088699,0.0001594495150816994,1,168.70367132495247,organ,suturing
-0.003829429703287015,-0.1168710022841984,50.0,1.0961131755099385,0.10799891977889362,50.0,-0.03171426639170264,0.3728986989557472,49.37424695230932,-1.7750410330165978,0.4995836185310393,44.0233361742644,0.0010164959949235833,0.08215180847173092,0.6052416595599839,1.7961757192872054,-0.23797627228715035,-2.0993346634836945,0.0054535052950056275,-0.00012199538752757748,-0.05193589842286867,1,163.14462593470162,organ,suturing
0.004736927345824611,0.2285149716395333,14.118307770714656,1.1002879704383264,0.07072032128096604,50.0,-0.02275389695591325,0.12432472038324814,14.551256225803828,-1.7569034761056181,0.2970926217117054,-14.867147252611469,0.0030614388243711487,0.030741800265303012,0.7800705382542633,1.7903655682707744,-0.08342885980453585,0.6635338232934888,0.00533367914116312,-0.004417340518507038,-4.736439595919985e-05,1,167.67540265189504,organ,suturing
0.010308108029315397,0.07930499748460688,21.020119577912055,1.1020406880154618,0.02533852234658926,50.0,-0.019778423797312622,0.041069900974860275,17.61345879455649,-1.7496359419654632,0.10408820018107373,-12.753865060083992,0.003778992486394862,0.009609204913489175,0.7076255542247107,1.7882435336349598,-0.0348125317223302,0.690224375195721,0.005168587737691299,-0.00358505285876368,-0.0010330245505038313,1,166.31501608375422,organ,suturing
0.012354918756699572,0.0515205772188017,33.84999208855003,1.1024737889994947,-0.04197394828839239,50.0,-0.018742683171472298,0.05009246934248966,23.011262883750774,-1.7479020583008102,-0.172625302368757,-50.0,0.0040471418443438125,0.014942564147093208,1.168259562840299,1.7869358543573923,-0.01478579202617053,3.7867852915299376,0.004933740496438576,-0.014680841095647672,-0.009845384587483212,1,152.49452959962812,organ,cutting
0.013617548311147155,0.018183409642173083,5.808277543808596,1.097525170793787,-0.11980041326746775,50.0,-0.017099889522459437,0.02423579889094098,3.102848764364587,-1.768102756818791,-0.4994477741433023,-31.8433972428123,0.004290749878939136,0.004013957024890208,0.3570113921870498,1.786627706475567,-0.00417951725421177,3.768860789085014,0.004903314859895575,0.0003480689027499889,0.0005176914590948658,1,140.42251532083282,organ,cutting
0.013988051970915766,0.0029299773000078,3.476111734375137,1.0936238431244678,-0.11358272264827698,50.0,-0.016543691668700414,0.01789493121998257,1.8233247776323636,-1.7847509204436864,-0.49944052804702826,-31.22723658101861,0.004390019384492572,0.002128273269463899,0.2938795442373047,1.7860429081098463,-0.1212418514307465,3.356972048642528,0.004914039962911407,-0.0011994436534921364,-0.0006817191204087977,1,139.942673496078,organ,cutting
0.01406185379160441,0.0010538977844437034,3.3396231042027984,1.088936306866654,-0.1117398214707909,50.0,-0.01610285616992602,0.006351095844218909,1.2307291196512018,-1.8055613036378149,-0.49941002871236456,-31.646098455297235,0.004441848756581998,0.0014125131975158377,0.4068409479247397,1.7830330977980156,-0.04090757808645619,4.103321081966967,0.004888110787562339,-0.00018597526878480193,-1.4166783659765025e-05,1,142.4291248992609,organ,cutting
0.014063231355895415,-0.004670742039880096,2.3800460211058954,1.085357530925444,-0.09147066727194336,50.0,-0.01593894926696912,0.009215130342989233,1.1339505695727645,-1.8219586023576047,-0.4413914545429108,-24.301183801001457,0.004479840703543921,0.0018860609406363311,0.2969062261730426,1.7813699505305711,-0.20713701672869467,3.3032383746100784,0.004882588017051118,-0.0008276089687026979,-0.0009417360766718069,1,139.30797429716176,organ,cutting
0.013949476050623955,-0.0016125634963490764,3.139379456342745,1.0831615070598273,-0.030904600620043382,50.0,-0.015726847658377757,0.0025911419984468525,1.0090062379131781,-1.832743259975376,-0.15402451571871467,-28.70786530259359,0.004528393583096534,0.0007468829932738529,0.3515990540219663,1.7763130751794742,-0.07214338516459869,3.9706887968309905,0.004852001521824675,-0.0007883144235729117,-0.00032154427981673976,1,144.66916190329712,organ,cutting
0.013892762227210935,-0.006126826739953776,2.8090712275989893,1.0826871928982198,0.03048662353376965,50.0,-0.015662889769888843,0.004799399514874221,1.4183415080487716,-1.8352372903243075,0.12479861498403583,24.851390223113196,0.004550670681893001,0.0020993715651206526,-0.37435318055210476,1.773868197377765,-0.2478639346601904,-2.1403902723840167,0.004822819748015837,-0.0019478197760349327,-0.001113902726169294,1,182.60991248681893,organ,cutting
0.01374382770397245,-0.002117060061279317,3.2999734046609133,1.083443483291556,0.01090621626981532,50.0,-0.015557697614392003,0.0013132402943390256,1.1746977973836525,-1.8321863276649146,0.04355672209588366,2.9903300025421866,0.004601406404133528,0.0007051063250100159,-0.008708397744635965,1.767821107450216,-0.08627803925661465,-1.0966748181458856,0.004765612684893833,-0.0009776811497988723,-0.00048772235173617605,1,191.47546941676327,organ,cutting
0.013674430503310481,-0.006753738952440536,3.6809592987764543,1.0840708539540522,0.09943566533724607,50.0,-0.015515936634349399,0.004170181840379353,1.9102365656340234,-1.829502336210131,0.4451095933070933,48.998361007138996,0.004665990235202404,0.002430094433353961,-0.8355477187588538,1.7651476876806762,-0.28043042816057995,-2.5937812968170353,0.0047397738666713485,-0.0017062660218955675,-0.0008377250958190522,1,176.43433133508026,organ,cutting
0.013509020708309895,-0.0024244083671991143,3.6808605918190382,1.08651607630012,0.034469033507670305,50.0,-0.015412529939632076,0.001448264232113236,1.371904870372143,-1.8186214251257493,0.15535969280069217,1.2057067248962035,0.004719192329016887,0.0006226226778773044,0.03387429071097671,1.7584245954639677,-0.08932001095970404,-1.066145966790519,0.004699550668299795,-0.0006161398722706656,-0.00029994531783260824,1,113.26750411577044,organ,cutting
0.013436847836953284,-0.006429850261240731,3.5794520171208672,1.087664058551249,0.11185222460389717,50.0,-0.01537628573785718,0.0032973481236089953,1.3779034087527962,-1.8134985383979678,0.4996480924203658,47.90800202103236,0.004740055292598091,0.002228036724662248,-0.789635083199512,1.7554048666062068,-0.2666347618761399,-2.820201271226823,0.004676488183128365,-0.0014982656514832306,-0.0009480270678962922,1,175.72603472878075,organ,cutting
0.013280345904879864,-0.002225949933372517,3.6007788233064564,1.0905977530237554,0.04275199746942361,50.0,-0.015293644878195619,0.001027509507759004,1.0195984410024137,-1.800698810027962,0.182808567494562,0.16824541254563175,0.004788903329303812,0.000632018776029546,0.04778392078358187,1.7489070422994886,-0.09267641935028434,-1.1427312147993531,0.004641738318777887,-0.0006226305991706745,-0.00029387202975883524,1,188.05928971847786,organ,cutting
0.013212292898455205,-0.005946154377000883,3.5610552756566367,1.0919322018305297,0.11798521988049668,50.0,-0.015269096656853687,0.0024400139438767177,1.2663282865563115,-1.7950398727060073,0.49962349392255917,44.71639456650805,0.004809361526043336,0.002111231215514372,-0.7586924405238064,1.7460571483998868,-0.24903750065888422,-2.447059045114792,0.004618682143548626,-0.001471627728898574,-0.0008351134090098384,1,169.6828879400631,organ,cutting
0.013069600916306635,-0.002081419445456559,3.905483112788105,1.0947768459357383,0.04049354163927299,50.0,-0.0152644695296129,-0.0003028043013013665,2.8748925695366006,-1.7813508857490485,0.19592014590572782,1.3641820989981626,0.004867377514238313,0.0006482114061867189,0.10832332274310615,1.740124374947618,-0.09089469833353847,-3.63877756690985,0.004539512923698885,-0.0014331476807114066,-0.0006882734647475464,1,190.8780415849627,organ,cutting
0.013013029753628759,-0.003978192150615668,4.842713941465021,1.096014961487551,0.1052280459164655,50.0,-0.015283838377822859,0.0010372308783786694,3.6032952437684345,-1.775442342990494,0.49803332141926515,45.71885299263579,0.004885060149569225,0.002374783500821766,-0.6651692019011156,1.737467389073478,-0.21165631257812728,-4.853642378200659,0.004485672392150627,-0.0025292548317510325,-0.0013141405638120158,1,185.06754341110522,organ,cutting
0.012916988292548772,-0.0013481496870690025,3.962856235604006,1.0986525090535422,0.03846476941063713,50.0,-0.015275054318079517,-0.0005341410552593411,2.8844010036676373,-1.7632716944312552,0.17379599554850134,0.45976296115785215,0.004940132679593482,0.0005986275533470427,0.13815026334266658,1.7323403376246458,-0.07303962482770103,-3.310309663430633,0.004410853844580715,-0.0016242429287693485,-0.000797910364404092,1,188.03359135398404,organ,cutting
0.013085820749740738,0.046685754297021306,11.055048083781793,1.0988629460148258,-0.13136671819068438,-50.0,-0.01555800620051026,-0.061510487639529814,-1.3560483609952085,-1.7616732072673509,-0.43246667532822414,-50.0,0.004849191525011889,-0.023581727448205664,0.6494952724831646,1.7329998666567275,0.5004672762593037,2.900854823137619,0.004359949361978964,-0.0012562234690336959,0.0073982798801192455,1,14.676764505920463,organ,tissue_manipulation
0.014227970204594927,0.016390836145492037,3.471590062545638,1.0826582882168625,-0.49991053779501465,-28.156635397060537,-0.01706507169535085,-0.021397941740914056,-0.46450621209722404,-1.7824841944564074,-0.49933732253407137,0.3611815589391428,0.004275675490597886,-0.007878735006443902,-0.0037317251895820427,1.7538377374361656,0.500294963569625,0.5559055728673337,0.004326484445010527,-0.00031796531618371595,-0.0005094788096140681,1,14.969291404035312,organ,tissue_manipulation
0.014628493531781557,0.005742020754280014,3.216354999773209,1.0618296612562788,-0.4998841329695289,-27.959358709144567,-0.017583478309710753,-0.007380924268136713,-0.6287360022545951,-1.8032950529363623,-0.49945570377305126,0.2981920681995233,0.004059222327609779,-0.0031238776458452737,-0.05156228537083373,1.7746767632234945,0.5001327815368142,0.5562375298411852,0.004318240271718579,-0.0001047939167185825,-0.0001769956672771679,1,14.977138561087216,organ,tissue_manipulation
0.014769552098382498,0.002031009947776323,3.164902701108935,1.0410010631349478,-0.4998884804635682,-27.7441657446532,-0.017760682493445895,-0.002445423555802459,-0.6495290472319187,-1.8241054862532917,-0.4994452873427946,0.22522517993654026,0.003980978031108293,-0.0011657131224163484,-0.05062017240632112,1.795515369633863,0.5001209755987039,0.5565125170379798,0.004317958808952709,5.851669083061905e-05,-1.8972861124905693e-05,1,14.992648026210656,organ,tissue_manipulation
0.014819411718863926,0.0006729872717566958,3.2312333470129215,1.0201764433056457,-0.49962672070478414,-27.42809909994514,-0.017818602784570727,-0.0008848178738508428,-0.6229485785514548,-1.8448962057312916,-0.4982563260495672,-1.616323635195083,0.003958831469933551,1.00255191441221e-05,-0.05879385249749951,1.8163552346661482,0.5002114362286124,0.5567226887528716,0.0043237706887762194,0.00016282329004828084,7.422856264981457e-05,1,15.008268538227224,organ,tissue_manipulation
0.014835049428494777,0.00020409621741863406,3.356999010553542,0.9993591371640536,-0.4996066517712616,-27.144633538856784,-0.017840519496068748,-0.000306310736132959,-0.567187812164289,-1.8656538493069592,-0.4981254438027801,-1.9314892455942625,0.003957401382870658,-5.820720615793036e-05,-0.05565921954017523,1.8371971391237747,0.5002018250378595,0.5567087874862441,0.0043276765005659645,6.613027427868729e-05,2.5043932128113174e-05,1,15.034671808527952,organ,tissue_manipulation
0.01478325952332393,-0.013469459057444686,4.4808839457524705,0.9797360086970985,-0.2131849543175228,50.0,-0.017740473900122504,0.026218059337699592,2.832651504461927,-1.8840088022533665,0.07759596557210491,50.0,0.003990896285054162,0.008859967107397674,-0.8961504976486822,1.8474649653554764,-0.49961681854709755,-2.6943198115782,0.004319355646254819,-0.0019217948699255442,-0.0035892736094673776,1,15.844685061658218,organ,tissue_manipulation
0.014454205999215266,-0.004703930842520347,3.2924134247004493,0.9972679531719901,0.5000845488083848,-26.453343213152657,-0.01706921184273447,0.009451216524811075,-0.5979053887898252,-1.8631701936676623,0.5001662001527903,0.817505039805722,0.004189840451280224,0.0029045683442814243,-0.05324524675326481,1.826823617704125,-0.45454857690695416,0.17340350877146377,0.004293470348666811,-0.00045401940533799185,-9.901818724833452e-05,1,14.73080332319419,organ,tissue_manipulation
0.014338894863467922,-0.0016545734026281124,3.3580266735068327,1.0181034903199657,0.5000243817247844,-26.722544824696858,-0.01684167269500763,0.003173684979845308,-0.5577818812063179,-1.84233704631645,0.49989859360457994,1.060784316521632,0.004259078134083204,0.001052095919059557,-0.05657158515139299,1.8157173786677385,-0.15853444586822926,0.2634082074448658,0.004279142030564495,-0.00026358154895023746,-9.549457046044855e-05,1,14.656089757382086,organ,tissue_manipulation
0.014298382507488832,-0.0005757554853093726,3.4319231610101966,1.0389369920555631,0.5000043111821013,-26.98218662867372,-0.01676728839576428,0.0010115639656776546,-0.5396105614524195,-1.8215126729321014,0.4997437628872726,1.2179060337688354,0.0042898087698821545,0.0005318557557834579,-0.06259410915311009,1.8118448782592995,-0.05528753095643681,0.29096283792639255,0.004270810733661164,-0.0001469266978112937,-6.312236304660879e-05,1,14.59292182590913,organ,tissue_manipulation
0.014284567701489852,-0.00019238473968217823,3.4343595936719375,1.0597712977279703,0.5000331207391375,-27.231623314824446,-0.016741826011713562,0.0003828033271593002,-0.5485296640512713,-1.8006908037048952,0.4997416902955392,1.311415665964379,0.004303941003872517,0.0002241132221932566,-0.06594412100673931,1.8104943944496743,-0.01924170061301011,0.30065817629302116,0.004267879208986691,-2.8493728997461666e-05,-1.3925734542322485e-05,1,14.569418910227398,organ,tissue_manipulation
0.014278781077710306,-8.020783900974525e-05,3.3738782335839823,1.0806057345224513,0.5000299612282926,-25.371351823365845,-0.01673007950177853,0.00017531736582942744,-0.5616898652767733,-1.7855277990532519,0.2217976828648041,-2.0414258979156403,0.004302349689500488,3.487057377984243e-05,-0.0069941310288009735,1.8100245784161562,-0.006658772615977526,0.35143720405040285,0.004267586674045742,1.614835935770582e-05,2.2585269814398608e-05,1,14.586544380186986,organ,tissue_manipulation
0.013941366431073389,-0.08113652686883023,50.0,1.094464972854044,0.061918961340329544,50.0,-0.015207303382940681,0.3676238035099077,50.0,-1.7791917605395815,0.29022852714170094,12.513326303943183,0.005029464904355052,0.1723544696500643,1.6059828828918141,1.8090185049811722,-0.15187806912509,-0.3166331373729978,0.004261217629221828,-0.00035425474838215033,-0.0542183840354239,1,163.58244875625746,organ,tissue_manipulation
0.023009024234072747,0.4998517413075776,29.113774309116703,1.0959395765730042,0.02288449249661023,50.0,0.0037061107222991336,0.31934609945546677,18.479974801221733,-1.7720937103453143,0.10124334883715519,-18.190452381097636,0.00928732904494164,0.06580866847343729,0.5568974998222305,1.8053125647656234,-0.05243778125081477,1.762071963221852,0.004232316499385119,-0.006414605280342884,0.004927908381303953,1,160.73635784071524,organ,tissue_manipulation
0.04044802907673195,0.27547180619690276,11.132730316183743,1.0965299551123084,0.008821222113285065,50.0,0.01157584020660653,0.11215839960453709,12.307634030541504,-1.7696202199463136,0.0353799108910874,-17.5666968235988,0.010863416534845249,0.022536265247463882,0.6065219069615947,1.8040280283287642,-0.018537653794539047,1.8167483640824347,0.004129443567713629,-0.0016112181452644933,0.0012080804508552802,1,159.80272568997447,organ,tissue_manipulation
0.047169949610839264,0.09560328506792683,19.76347010416901,1.0967509179012638,0.003196290426582288,50.0,0.014263517111501518,0.0378394093728372,16.209024961314398,-1.7687489374501528,0.012663985860999864,-17.06789398462543,0.011409576508562795,0.007087232731029758,0.6133309402842679,1.803542264932151,-0.009074026792029802,1.81041735468502,0.0040447135416042555,-0.0018125674116131188,-0.0002901150585353853,1,159.83228549261216,organ,tissue_manipulation
0.04950614734106642,0.033439331186117034,21.97911069126325,1.0968578477749278,0.002487542321875799,50.0,0.015095768651170459,0.0075496802686740305,17.201996942430018,-1.7683515735540956,0.008369614648182394,-15.358227556424382,0.011568793076872669,0.0026098152490541277,0.568106973157886,1.802693946798895,-0.03132373973709518,1.5568232059526783,0.003930238272523189,-0.004922611980813934,-0.0018951108088380972,1,161.839967538409,organ,tissue_manipulation
0.05034499568382324,0.01282399711453875,22.282016037021485,1.0969143042772966,3.2385809535170895e-05,50.0,0.014805530459381426,-0.013917133435867948,17.25489951913338,-1.7681793923362807,0.0007497328427784472,-13.938532059720401,0.01166825034838075,0.0005748565950834221,0.5020453274300534,1.8021968514140205,0.005424903302122877,1.3616347338407322,0.0034404614738801687,-0.015044093251033966,-0.008319252255678653,1,163.83797210636885,organ,tissue_manipulation
0.05085843578254522,0.05245205400634831,-50.0,1.097036505876967,0.029213312496252364,50.0,0.013127969531180853,-0.3257666433939412,-50.0,-1.7677350986493878,0.10271108104625716,-3.360579327345312,0.010298274721564762,-0.3334858095226586,-2.647381927194489,1.8017508523106498,-0.13851652591387462,0.7986488451896511,0.0030997117630243015,0.0009231097096625597,0.05089813497472213,1,157.78844617247879,organ,tissue_manipulation
0.03996828083042363,-0.499697086990339,-23.146506754883347,1.0978911539904197,0.014116431424710085,50.0,-0.007627621785833566,-0.491281036894324,-20.35995631087402,-1.7652235205046902,0.03580877755744858,-19.47030660836674,0.0020204852910325815,-0.12058917568477338,-0.5015749395416683,1.7983791258722606,-0.044107430529678485,1.9669687827036004,0.003161323069059921,0.0060384443802870835,0.0039006599694657892,1,127.87257413662068,organ,tissue_manipulation
0.019147793573750516,-0.4997754527493679,-20.95180289057213,1.0985259340751585,0.016976922480659407,50.0,-0.028133381582447166,-0.49232932513043864,-18.387960932338242,-1.7643501123481586,0.012550172349538244,-18.965284785568276,-0.0009687305649924504,-0.043134345094536064,-0.4643071933607601,1.7971843990047895,-0.0171878600883405,1.5342991406576556,0.0032786148493657553,0.0014457714271007764,0.0006207753926136188,1,158.01833661639705,organ,tissue_manipulation
-0.0016717908622134832,-0.49959646899301446,-16.594477727450045,1.0990817499202392,0.009075889491393749,50.0,-0.04187516210757864,-0.19669753315052546,-14.702270159981113,-1.7640383697703654,0.004554434510124751,-18.16941306837729,-0.0019441733852572057,-0.013559846983354043,-0.5703308605678923,1.7967719878223136,-0.00586410735139882,1.5433743570214775,0.0032888866819346476,0.0005292638814376996,-0.0027080796436454745,1,159.06743455791838,organ,tissue_manipulation
-0.014282827717259363,-0.1799564138216261,-9.828024253867474,1.0993207577209756,0.003591831991560518,50.0,-0.04671649151651154,-0.06809633128428434,-12.594804339358932,-1.7639233120772828,0.0017680741866611532,-17.49134847877953,-0.0022621088881944447,-0.004520772108530939,-0.6288768672096563,1.7966221027251446,-0.0024280685445153896,1.5328770901459976,0.0032728113410268444,0.0006661152618611236,-0.000886988104869156,1,159.25618592213522,organ,tissue_manipulation
-0.018677096290590816,-0.0627000637895742,-14.20767795734136,1.0994081395990445,0.0011459444205120517,50.0,-0.048347173485309695,-0.021800181883400008,-14.689327752034403,-1.7638708083536734,0.001433676249261398,-17.119234661448488,-0.0023724362837333514,-0.001184773026969765,-0.58956742729934,1.7964779806730784,-0.007769663461094652,1.4905737428135377,0.0033193475546897345,0.002152657906459793,0.0004735903088277921,1,159.46028477067924,organ,tissue_manipulation
-0.020574978552639383,-0.10901826027568429,50.0,1.0987808736445144,-0.15980086444233618,-50.0,-0.04666502162676252,0.5001466015135974,44.920230493556076,-1.765860124993933,-0.49961771003599853,-48.0297999879798,-0.0019085719968603598,0.14463213839980354,2.4982216635402215,1.7979020918274717,0.49928257203113646,2.763951835353317,0.0034358810409390083,0.0001688552305263106,-0.06917786867866652,1,13.864486237229155,organ,tissue_manipulation
-0.005468627914766529,0.4997579817402243,4.346615460728481,1.0823294399663015,-0.4999484564580992,-28.502623509309196,-0.03128971751141829,0.2249316752471065,-2.1535434674497895,-1.7866575755094196,-0.49877719335415793,-1.1779971717870235,0.0016652478227377125,0.051266944165434085,0.08524215376877953,1.8187368786243576,0.5004114003623699,0.5585714210208291,0.0034024902125479885,-0.0015017158920678103,0.002927147569729605,1,14.617620351424174,organ,tissue_manipulation
0.010234531008597744,0.2325768627404536,-3.2153854679712004,1.0615004781474853,-0.499865578348725,-28.02683051024588,-0.025749895192913156,0.07800204884041363,-4.305022568442735,-1.8074432120806205,-0.4988895169524141,-1.3045204873040694,0.002833232299381315,0.017062713733248386,0.10113534648685524,1.8395801299054149,0.5002882522730121,0.5566582698761651,0.0033857022994028298,-0.0010967500629792475,0.0009695475851409717,1,14.849986446852373,organ,tissue_manipulation
0.01589317163225926,0.08064580720760953,3.6172443707441593,1.0406795610474966,-0.4996130274218471,-27.762312980968215,-0.02388943979828912,0.026355905667550018,-1.0547432588065804,-1.8282145115597255,-0.49828579178239224,-1.4876174125150479,0.003202400609105927,0.004952842229673678,0.06451131750703551,1.8604187140506174,0.5001716375821831,0.5564625626596105,0.003308291165924897,-0.0013554897044886164,-0.00039222465219793465,1,15.353831524117247,organ,tissue_manipulation
0.017868432314354022,0.028233907883900997,4.8264457117894874,1.0198636681343571,-0.4995838324656349,-27.517077172393183,-0.023241922279368166,0.009474264009147481,-0.3419719180016095,-1.8489659938138394,-0.49801951946877454,-1.8130367206986029,0.0033726175088297206,0.0031618124403377385,-0.00047973589074342456,1.8812653987585242,0.5003139516309627,0.5564470944946104,0.0032927985770237985,0.00019573049749400104,0.0001630364481230934,1,16.220724618844923,organ,tissue_manipulation
0.018556239673887455,0.00980435932989001,5.343157529838599,0.9990490649699416,-0.4995280341711338,-27.217078561492393,-0.023002844904456886,0.003512276026492961,-0.07712463018897443,-1.8697154906239726,-0.4979063547284835,-2.1009874965169937,0.0034678014178744334,0.001669451785754953,-0.0296784235681097,1.9002397381977898,0.32902584011559,0.3935391439079303,0.0033106856371150715,0.0004651697276334961,0.00027513289777633703,1,17.10222703766231,organ,tissue_manipulation
0.018770490700393327,-0.002752147757748888,13.29054883596482,0.9793750597703084,-0.22619200538290749,50.0,-0.022691285546740318,0.05530610781990916,7.6800835584859986,-1.8883638260658906,0.004877804963071775,41.39168696676715,0.00357877626652043,0.016008323324517935,-0.7121252807752219,1.905714414378242,-0.49996796173452185,-2.315895627115638,0.0033032079321036324,-0.005173450789201296,-0.0071835191634053485,1,15.751834015171788,organ,suturing
0.018703609033617837,-0.0009421611163421921,5.645070924134321,0.995856248722364,0.500293943695628,-26.45235822915415,-0.021247903212197005,0.020533131678397758,-0.02748923373380216,-1.8882376419609452,0.0018318354753844232,-1.2343558629550344,0.003942667502414169,0.005285607977926628,-0.0390567588393167,1.8858993129549662,-0.3754968906924952,0.20820935905255467,0.0032449418776689864,-0.0008914924588687284,-0.00019381337310574756,1,14.775765704277218,organ,suturing
0.01868115252552658,-0.00030973507934409466,5.797151700795729,1.016701562204813,0.5002825132845351,-26.482624019642415,-0.02074557042477087,0.007190510196790064,0.0896373531600091,-1.8881936709427103,0.0006103097605806088,-1.3187181100508512,0.004072517986805315,0.001870019287338133,-0.032691437104256586,1.876728002511816,-0.13092645787446977,0.27321631079323916,0.0032230059530631763,-0.0003156643027636478,-6.921890281905235e-05,1,14.689460644721931,organ,suturing
0.018346745873868656,-0.0785870088150447,50.0,1.0375662061225388,0.5050153054414748,-50.0,-0.01859838178148858,0.4755501403146367,43.13488316335859,-1.8864533907703276,0.41443961097878435,50.0,0.004568109944396273,0.10878481059308273,0.2668988709989961,1.871638808224973,-0.49957682522443947,-1.5918238751161378,0.003212066252805171,-0.0007680886500064882,-0.06171848517849926,1,14.455143227636755,organ,suturing
0.03043466663034297,0.23540513257926604,-5.442929419144346,1.0584014757162226,0.5000438031404203,-26.62534213178359,-0.0070060224772964174,0.16552035480770924,-5.268808766970895,-1.8656047363245145,0.5003045346369238,-0.3915098622588248,0.007257989070939043,0.03906215110887233,0.023590768033208764,1.8548091166133338,-0.25865396995205125,0.23614427216740425,0.003185145868124898,-0.0001789794439447153,0.002061296707586157,1,14.622439935210444,organ,suturing
0.03617964030439178,0.08288750387266952,42.172402702598966,1.0776261654511294,0.11312625874161092,50.0,-0.003214838465983131,0.0064740158091212,40.71019784086337,-1.8524760514524077,0.19716263302925469,23.027548387596806,0.008234949301286409,0.015803175163966215,0.5205696865547036,1.848164997730402,-0.16918260283634143,-3.283350189809128,0.00298258300345617,-0.040457809360266765,7.674948375556141e-05,1,574.3681171279843,organ,suturing
0.03838332658596071,0.07975510463153476,-50.0,1.078960950138757,0.1124107909080305,50.0,-0.0036847663171557504,-0.37748190273196247,-50.0,-1.846070341571025,0.5000999571033065,43.712493492867324,0.008118772221875707,-0.09212054556952794,-2.170550001000795,1.8437600112140682,-0.5002469631984803,-2.8217838301543137,0.002790465335579417,0.0008099707789745083,0.0508330216941447,1,170.36582739034714,organ,suturing
0.027625940962054674,-0.24864740109788924,-5.308781781773484,1.0836784311497707,0.11298911654969773,50.0,-0.014030351895784427,-0.14530021247927535,-10.48111445590332,-1.8252299460698223,0.5001738479724578,-6.186072609113667,0.005796649506807998,-0.03482304651231318,-0.4493868204195736,1.8311958941888435,-0.17971782496300312,0.009413359281992923,0.002855122019006884,0.002603308413473896,-0.0006570582863515992,1,178.1045849277991,organ,suturing
0.02156807160886198,-0.08621909490882824,-11.93023448293217,1.0869470795631626,0.04793528837562701,50.0,-0.017516687667994767,-0.04845027430150438,-13.015112221217107,-1.8109884150921773,0.20518213593144313,-8.403273590157246,0.004979512537409341,-0.011124948556650768,-0.296576987963729,1.8267830874486344,-0.06469654395826757,0.09661027082342626,0.002982866724389229,0.0031168501915758706,0.0008305308666631978,1,178.43051560944542,organ,suturing
0.019711812085869224,0.03170235886379658,-50.0,1.088614513062746,0.13227321639751072,50.0,-0.02029917912934875,-0.42067067943008934,-50.0,-1.8041642540103422,0.499920924651929,36.747785671722035,0.004280529728794204,-0.09854947728983894,-2.0902806891402435,1.8236474224057029,-0.3501049067128554,-1.4700055104917504,0.0031193493329698687,0.00012629656836795136,0.05680780372799284,1,151.08195735713028,organ,suturing
0.007602762925356138,-0.2621204590380841,-5.196536381656628,1.093254280499233,0.07761124301320953,50.0,-0.031192321223272524,-0.15412737915355912,-10.481742213948754,-1.78592641727242,0.30092922087350416,-15.278653701929892,0.0018097817122211723,-0.03618164453659599,-0.3270574349320577,1.8151064490680724,-0.12319732773516559,0.8624116569295598,0.003189718783480156,0.0020224444465254217,-0.0014916188337365133,1,169.6050310379911,organ,suturing
0.0012126898417886079,-0.09092929345427307,-13.582154667931102,1.0951759803353196,0.02771374678345606,50.0,-0.034886123695982874,-0.05145644425271004,-14.198918855963512,-1.7785636989858615,0.10544969368917062,-13.397486929136761,0.0009303318363728833,-0.012261462645709835,-0.36735245394101734,1.8120598943751909,-0.045686620804394694,0.9165206031717089,0.0033039590021015524,0.0028677899230521824,0.0005559124970935751,1,167.95674831878276,organ,suturing
-0.0013643573463738782,-0.11610511059382397,50.0,1.0962543010404309,0.10638389111543776,50.0,-0.03441761377099484,0.3732611910313814,49.84692824083777,-1.774016557866513,0.49953604381987876,43.26765809796725,0.0009654623740167456,0.08165733058938471,0.5774119824014189,1.8097383725284517,-0.23915357596170722,-1.8476090814159114,0.0034488644976053526,-0.00023142254413847582,-0.05152853592181721,1,109.93594575532921,organ,suturing
0.0071848972704037315,0.22734244616023522,14.326755429104956,1.1003859535648597,0.07009545678067411,50.0,-0.0254473934913125,0.12486858130472064,14.686113610086919,-1.7558856636239524,0.29687308843387505,-15.080563241273952,0.0030436581274538043,0.031246796332957263,0.7659375233189414,1.8037535362827835,-0.08757331051125283,0.5197237700716917,0.0033376769943820645,-0.00392078499388006,0.00017058569804410685,1,168.14475118874336,organ,suturing
0.012723113191110405,0.07880334763376554,21.738245792931487,1.1021248741941425,0.025233884436686158,50.0,-0.022469391440609176,0.04103273344687774,17.91809705881853,-1.7486208611109708,0.10415937582243351,-13.017860737556072,0.0037641931006399064,0.009152902760472788,0.7018399456214763,1.801527422360113,-0.03637505979384781,0.5472168324844373,0.003172881355235502,-0.0037620979378847202,-0.0011292797283496067,1,166.96117002299405,organ,suturing
0.01475606253514634,0.05153286642447158,35.98031035516878,1.1025559838356989,-0.041543333595610424,50.0,-0.02143324430331092,0.05291902857155697,24.17533428124277,-1.7468806153449188,-0.17160148006801898,-50.0,0.004043059748651877,0.01697681033236217,1.1832266402173237,1.800101086191169,-0.03211044206785081,3.5699780436911377,0.0029251319360756615,-0.015491711810456955,-0.010610633904560176,1,152.9207727935586,organ,cutting
0.01601099366831039,0.017854620506881826,7.792633861894363,1.0976339439030183,-0.1192824647127536,50.0,-0.019717718594709055,0.02511678027429473,3.784376613032243,-1.7670315918969604,-0.4986872854383012,-33.07737942312135,0.004341962285329525,0.004829066617786662,0.3380377510683782,1.7993512889647574,-0.010543656196061513,3.6692420957635306,0.0028799832220384536,2.1131681020663444e-05,0.00038210937851222167,1,140.75194742810646,organ,cutting
0.016365965138610893,0.0012502805961572185,5.328966662510068,1.093730995921561,-0.11500277994703166,50.0,-0.01914471293104447,0.018916658517583063,2.4988943453761814,-1.7836523237426298,-0.4986035723056334,-32.673497571819766,0.004455522168749719,0.002771915866658377,0.3282898356102831,1.7985572212224987,-0.13863261108253302,3.3249971118018835,0.002874630257367424,-0.002422431588913413,-0.0011975287625446552,1,105.02861185481913,organ,cutting
0.0163955704322344,0.0004180895774993311,5.869520227224563,1.0890182291038812,-0.11117090059632533,50.0,-0.018681272513523226,0.0066600290691462664,2.052809415943761,-1.804421807855165,-0.49837873211449657,-33.381428839040105,0.0045580544654961535,0.0016820968900420497,0.398508840829121,1.7952954884458572,-0.0461061287072728,4.007898244884748,0.0028240753354475704,-0.0006335258420822681,-0.00024415962737111017,1,142.7075942086662,organ,cutting
0.01637782393581008,-0.006182142922721028,4.6263959470690965,1.0854495629069998,-0.0926317567185019,50.0,-0.018508010244062248,0.010206065953337423,1.87702875072579,-1.8208189407831936,-0.44717892633494727,-26.8033196706946,0.004605621977609533,0.0032791990377294116,0.3196920632365073,1.7934883817515785,-0.21701217008295062,3.210998374406278,0.002804394096488678,-0.0019192056931769657,-0.0013501581501583638,1,139.85103341668577,organ,cutting
0.016227178275713502,-0.002135424136949289,5.699131636335834,1.0832245803086273,-0.03133160313793801,50.0,-0.018269583201832203,0.003037017152750381,1.8542048063049934,-1.8317486293569967,-0.1561469539602358,-30.38171214876353,0.004685337219419198,0.001122568215053979,0.355398280660775,1.788190891991243,-0.07560766706676637,3.8745830171512647,0.0027485235360695465,-0.0010973064429079986,-0.00048557352399836515,1,144.90129834835795,organ,cutting
0.01615183075533787,-0.008176478682295514,5.1492145701262855,1.0827832111523645,0.04049064875731798,50.0,-0.018189175719505464,0.0064966218784645,2.3595543729209765,-1.8340848132114973,0.1728880077541155,28.75240364324973,0.004719871721297149,0.0035407372079471703,-0.4545486433390787,1.7855406666456188,-0.28096288603953157,-2.447626034731393,0.0027099579040220224,-0.002858226600568295,-0.0015324824279836177,1,181.48076105737073,organ,cutting
0.015953874026905537,-0.00279913203134243,5.757700872162907,1.0837883981063205,0.01453601071021067,50.0,-0.01804219553879835,0.0018323093440801817,2.108770619187749,-1.8298589973657684,0.06035734410360946,1.3899987845950992,0.0048057629872032045,0.0011724009461417106,0.0009708068191640468,1.778680774761361,-0.09790278200528801,-1.213868797537558,0.002631126562783584,-0.0013470997340776798,-0.0006775301999768251,1,191.55300048282257,organ,cutting
0.015866687035722138,-0.007860908612118198,5.499415110168356,1.0844597209401994,0.09258631200370439,50.0,-0.017987534761510555,0.0051328709545301505,2.5719721758908576,-1.8269587795910833,0.4126861826282646,42.98928555012484,0.004845439768202312,0.0035693250405115784,-0.7213765070228888,1.7755882479489637,-0.2838070197615269,-2.511619627717202,0.0025915864290494794,-0.002648976853021847,-0.0013663663199496806,1,175.62157173731572,organ,cutting
0.01567537343024737,-0.0027153225814190406,5.62168364203039,1.0867759145790414,0.03368368770617154,50.0,-0.017864924401037156,0.001487414544658082,2.215235183543042,-1.8168708331010095,0.14410322055055047,-0.04987053285261417,0.004930709484856969,0.0011430816720496527,0.022029221662203273,1.7686630508829781,-0.09884353600376188,-0.9218268647303529,0.0025258517698299723,-0.0011500097727944244,-0.0005564386560007432,1,189.45971618908143,organ,cutting
0.015591205865170939,-0.007450416652860567,5.284523188948463,1.0878824877928148,0.11127117176540006,50.0,-0.017822413546220082,0.004553483029669381,2.362130516032791,-1.8119684410202779,0.499781883461585,47.25123216800418,0.004963721353770729,0.0031037001994919135,-0.7978195075738334,1.7656739049892505,-0.262713299123351,-2.543883558436296,0.00249026669384884,-0.0020293625462575685,-0.0012933443938445538,1,106.0352055235106,organ,cutting
0.015413616859798503,-0.002529408685010783,4.978958422318695,1.0907318828998862,0.04153458547352906,50.0,-0.01771271711898368,0.0013701318568776215,1.585667292747604,-1.7995051000612752,0.17802517147811575,-0.642556085104141,0.005039867624375029,0.0010637740768542295,0.033320866744370035,1.7590430566260757,-0.09560098728890891,-1.2604622246172066,0.002441160724069538,-0.0008493830828818384,-0.00040121948077621547,1,188.06707276764138,organ,cutting
0.015335767339967894,-0.006920048365201946,4.519380424997048,1.0920405859713576,0.11749383240779895,50.0,-0.017678197577385934,0.003266994237606267,1.7055486036925094,-1.7939384692415759,0.4997221286026453,44.262300740395304,0.005070624182683481,0.002860729157294045,-0.7532150400743993,1.7561105808653552,-0.2550823456526523,-2.5516595202407997,0.0024114892246773884,-0.001945881512349734,-0.0010471925561213204,1,168.86521374837125,organ,cutting
0.015175552981084315,-0.002471529229660956,4.422026729013119,1.0951603024668342,0.039889604930099826,50.0,-0.01764095036435758,-0.0011444456818728542,3.0766380104183826,-1.7803755243313668,0.19383836460837817,1.0239302919244604,0.005142125411270282,0.0014606763381305888,0.09989816724068815,1.7504213328514842,-0.10239225946491202,-3.8312100331695826,0.002329941647163938,-0.0024525265113888063,-0.0016666549645516923,1,191.29379275665877,organ,cutting
0.015106901591637585,-0.004916068244670604,5.3422495663064495,1.0963824981011616,0.10424243099105154,50.0,-0.017659408399112758,0.0015380917229660482,3.885396352942077,-1.774512266860297,0.49657787002060194,45.37260394998907,0.005173263173748884,0.0030116198140926597,-0.6531677290432852,1.7475019168461292,-0.21561046660397037,-4.948572155986106,0.0022671646699255373,-0.0028462640167799297,-0.0014321175693898154,1,184.90404568917276,organ,cutting
0.014989355860382305,-0.0016423313900253873,4.353901497688117,1.099002365288277,0.03813516552347508,50.0,-0.01763558955551244,-0.0003260665319278584,3.1365357936092306,-1.762374502943072,0.1733240388694961,0.145557685977383,0.005241386563399372,0.0008367786777506367,0.12621104321517032,1.74226144030943,-0.07471548011072579,-3.4272328932504252,0.0021868908229126746,-0.0017015057650137055,-0.0008346390969962821,1,188.12202362002574,organ,cutting
0.015182175369441662,0.05383512248578225,12.905662114803771,1.0992110180015227,-0.1301159541231855,-50.0,-0.017955843014464987,-0.07135263980220204,-1.235164820789782,-1.7607633041114783,-0.4268709538649317,-50.0,0.0051473548750859185,-0.025386874520917126,0.5768545886193692,1.7428845923133818,0.5007368626225213,2.8782774465318943,0.0021326610301453087,-0.0016014591563400411,0.008664083620679934,1,14.809734590325984,organ,tissue_manipulation
0.016494531881512568,0.018701602340589617,4.647302707763347,1.083011251540128,-0.49963999408280235,-28.09984178933256,-0.019713730211737154,-0.025234540031460775,-0.11192418416477727,-1.7815458227703245,-0.49840440178302114,-1.1980619399520644,0.004520416511323699,-0.008848492276525219,0.004055573641414013,1.7637227115988765,0.5003495017933846,0.5561099265933529,0.002081388934800057,-0.000816514613298621,-0.0008185132663565076,1,14.783799200490149,organ,tissue_manipulation
0.016950199622719573,0.006487858352133703,4.814113118963681,1.0621940233835447,-0.49958590443542894,-27.893542609465012,-0.020332339742352365,-0.00889872764866283,-0.14214569647161554,-1.8023103461044576,-0.4982536720041944,-1.6327542166060756,0.004300071343666934,-0.0031092868470404093,-0.04418717256757467,1.7845691961836219,0.500313191486879,0.5564460662234288,0.002059532928299926,-0.00034079617079619824,-0.00032083329155672865,1,14.847731769130084,organ,tissue_manipulation
0.01710860945234282,0.002253935804156225,4.91920574474083,1.0413762356915173,-0.49977627988311313,-27.607179328875638,-0.02055171265457495,-0.003165563764202765,-0.11851906370346194,-1.8230692072204278,-0.4982391106158966,-1.9697882871704187,0.0042194695391607395,-0.0014525294439075402,-0.042122181597091204,1.8054135272590432,0.5003125424072675,0.5570120937152774,0.0020494081642441963,-0.00023133258625273071,-0.00016996431177589396,1,15.459773409365468,organ,tissue_manipulation
0.017162856977072104,0.00076206606945207,4.975609924257145,1.020555225264166,-0.4996651673078323,-27.349698227580753,-0.020628220459660413,-0.0010660187512444392,-0.08440098432819934,-1.8438249279295673,-0.49809883212554273,-2.312477745223112,0.004181826832913869,-0.0006333260104784532,-0.028164828493343178,1.8262695065090035,0.5005157293210398,0.5568660704797223,0.0020443387415038775,-5.162476575289437e-05,-5.319371875529347e-05,1,16.837536815065263,organ,tissue_manipulation
0.01718114532378552,0.0002546910094440645,4.9450359001867925,0.9997370558449302,-0.4996159091448148,-27.04520457641131,-0.02065263273124209,-0.00030178204564315376,-0.0721971520617214,-1.8645776966184606,-0.49805333066199753,-2.642470129255591,0.004162951988421416,-0.00036608704586607935,-0.018798200777839166,1.8471213176731414,0.5003786414311079,0.5567711286658625,0.002044611706036131,4.260075592161128e-05,7.3977142601876135e-06,1,18.234707640890896,organ,tissue_manipulation
0.017121186403421296,-0.015762921316129868,5.7380395112841915,0.9801242525924841,-0.21071010056143713,50.0,-0.02053224536280507,0.030146102467624548,3.463928724820164,-1.8828905700667977,0.0872912286366791,50.0,0.0041964084590182344,0.011244262581676644,-0.8904847336084036,1.8565767169190932,-0.4993849338340638,-2.672200285137098,0.002034252573327673,-0.002944681114849388,-0.004232793904749143,1,16.083907282306146,organ,tissue_manipulation
0.01673678885701662,-0.005479106429160092,4.805559184485041,0.9976566427892821,0.5001236533504951,-26.26276173903531,-0.019764857398123663,0.010883653272908052,-0.15598090318880986,-1.8620440618698348,0.5003341344382345,0.10976578405694729,0.004450063330071281,0.003782656584085213,-0.03036213795847809,1.835927232941235,-0.45577823229448533,0.17044507334040648,0.001982907497750462,-0.0007628698935082663,-0.0002520694123857298,1,14.158710552479484,organ,tissue_manipulation
0.01660621524021577,-0.0018061664641103896,4.490349008015681,1.0184908165536042,0.5000422286593494,-26.536162627248135,-0.019496081685119845,0.003927073507254422,-0.23636195887055464,-1.8412020673025216,0.5002234929732189,0.46299001007433166,0.004559683100757352,0.0015436298251211757,-0.03315564953793669,1.8248001141832255,-0.1588640454582457,0.2633252271173746,0.0019698347743218768,-0.00012411329325914214,-1.3409793531496338e-05,1,14.132287489561467,organ,tissue_manipulation
0.01656453690114724,-0.0005409400047881939,4.156712800488527,1.0393251998818478,0.5000101294795869,-26.81007286429133,-0.019392961079793932,0.0016393625411877037,-0.33924196222300995,-1.8203629495714582,0.5000722119106814,0.7020927152171366,0.004594912156068824,0.0004470454528704912,-0.03495462931072592,1.8209192497740432,-0.0554142511188767,0.291001192289108,0.0019717735376581715,0.0001445748938399881,8.433093551331845e-05,1,14.18880685021276,organ,tissue_manipulation
0.016553118726323614,-0.0001273188196330823,3.912643186773843,1.060158179007144,0.49997601883880666,-27.072552293194388,-0.019347767249030926,0.0007450088982859948,-0.422005501990446,-1.7995296156632037,0.4999439867562861,0.878299873218624,0.004604320059702629,0.00010890026940293257,-0.034688699645058045,1.819565566090449,-0.019325957073989673,0.3006908975823245,0.0019789056178994976,0.00017112533502855508,9.113820591584866e-05,1,14.29115240415531,organ,tissue_manipulation
0.016550531906974253,-3.5744368938547995e-05,3.740987071315395,1.080990995772883,0.5000053155331676,-25.221410397950525,-0.019326895577883352,0.0003287896043279834,-0.46860176365317835,-1.7845338229249337,0.21835205344364125,-2.4649401571315535,0.004607679439303971,7.82531439280712e-05,0.018274595144319082,1.8190943476842625,-0.006707038038733272,0.35012384128198354,0.001985473238244514,0.00012630226120448535,8.48049542253683e-05,1,14.39684577897253,organ,tissue_manipulation
0.016209802579900488,-0.08180371450415953,50.0,1.0945550007747842,0.05992375554379026,50.0,-0.01781402343565693,0.3648294081430007,50.0,-1.7783508737134335,0.28653415729014975,11.874469458308228,0.005330524723497082,0.1716323894154719,1.6688382347054336,1.818487757146783,-0.1570927267531875,-0.38934778863717456,0.001974145609722897,-0.0005110742283713314,-0.05401725740823604,1,164.11899279737767,organ,tissue_manipulation
0.024758654472534912,0.49984561205197847,39.36942078536812,1.0959530026197388,0.021861336019480468,50.0,0.0010940094454826646,0.316991126560365,22.68810726159722,-1.7713411417422156,0.10001496884434283,-18.75499505929177,0.009586849139418945,0.0670269768498272,0.6217097477402246,1.8146435099924845,-0.05451627010519666,1.6673647601204153,0.0019363769124978916,-0.008353212846522115,0.004836184963168591,1,160.61609592730284,organ,tissue_manipulation
0.04245055099455475,0.28311298331942103,11.702049440570232,1.0965167937624976,0.008447588363641192,50.0,0.008958430035386652,0.11216838420811995,12.651895621967904,-1.7689012642282562,0.034910515822705004,-18.003720908077824,0.01117169912739579,0.022597144013540682,0.6644459021341976,1.8133123520758054,-0.019202667909138667,1.7242128935557433,0.00182609446414385,-0.001654825584132471,0.0011683917765718632,1,159.51237231723087,organ,tissue_manipulation
0.04935730299258321,0.09831270453603752,20.533714829045525,1.0967299838297613,0.003050828374965092,50.0,0.011640569964778445,0.03767244160187915,16.64909107129647,-1.7680429344550557,0.012437520555458992,-17.46521568302524,0.011723286888941965,0.007510835076705604,0.6789656426617532,1.8128158034650454,-0.009102295441264945,1.7195064881106799,0.0017357240856459705,-0.0018921898143290051,-0.00036234197299481896,1,159.5659221505653,organ,tissue_manipulation
0.05175965108941349,0.03438355211119136,22.722019859619454,1.0968295697065091,0.002367648334100303,50.0,0.012467263222646071,0.007471172279521374,17.591726951838297,-1.7676568589949442,0.008124058281281855,-15.833704552911142,0.011900930380669243,0.0030937130848122107,0.627026882478594,1.8120016325177135,-0.030165857542377952,1.475588483829542,0.0016192919433944291,-0.004913029587298551,-0.0018787451580736273,1,161.38860395696764,organ,tissue_manipulation
0.05261478944731164,0.013092167604569448,23.264472766604467,1.0968846852619833,6.88183766329592e-05,50.0,0.012182664124989657,-0.014222605103834121,17.696162668405908,-1.7674879361337978,0.000710014103358747,-14.4393019300426,0.01199761436570595,6.643557015948223e-05,0.5592501539987481,1.8115093281377797,0.005702401865567058,1.28115149429452,0.0011350470241859232,-0.015337421322081692,-0.008474963314164547,1,163.42503561040482,organ,tissue_manipulation
0.053131653998150216,0.05169196705175185,-50.0,1.0970081979089137,0.029434803346783167,50.0,0.0104907713792061,-0.3272245719233405,-50.0,-1.7670514364628764,0.10117107014562743,-4.009675371945754,0.010618555102490598,-0.3330390318546029,-2.6938213961907604,1.8110405718612428,-0.14667099573945283,0.6972837544887013,0.0007875721419881526,0.0011296873506495674,0.05136333764838484,1,157.10771784463867,organ,tissue_manipulation
0.04214106232717682,-0.4997452078616799,-22.642698933816504,1.0979114214889383,0.018568228629064848,50.0,-0.010263727896101187,-0.49141384138977445,-19.893155304303452,-1.7645825560964634,0.03509919334581468,-20.001193774757862,0.002353916859810886,-0.12198310790518442,-0.5139029009678102,1.8074527718583373,-0.05119384013412396,1.9496061068239547,0.0008475588751821878,0.0055353596429860465,0.003835067011240043,1,157.8587131132014,organ,tissue_manipulation
0.02131653600976341,-0.4998550965943348,-20.464003633773302,1.0986196672646722,0.018028880165120206,50.0,-0.030775420569528106,-0.49277598729660377,-18.185763957622786,-1.7637218220094555,0.01233172630549785,-19.354660038005946,-0.0006185686293287244,-0.04245222049197485,-0.5077798525046398,1.8062042974195998,-0.018229541797610778,1.4487317871608525,0.0009618258288043626,0.0012515107286017132,0.0005492503060144485,1,157.98411459092554,organ,tissue_manipulation
0.0004890899219488344,-0.4998578102299747,-16.799772768827744,1.0991989789757635,0.009317243790954513,50.0,-0.04445086718612602,-0.19539578882184597,-14.707457290939992,-1.7634188948736185,0.004343898681871884,-19.08801064628179,-0.0016318409038078637,-0.014866301483466463,-0.5561191558370834,1.8057585756086643,-0.006400170687165925,1.4541539463970057,0.0009625128403679545,0.00036683731513050834,-0.0027697244365219786,1,158.68170085769768,organ,tissue_manipulation
-0.01211754414156588,-0.1798804820776956,-10.57337517563022,1.0994427587925815,0.0036929722308335494,50.0,-0.04925349771468882,-0.06690923409230772,-12.727270102768273,-1.7633061637759164,0.0018269648419893952,-18.48576448561287,-0.001966470948740261,-0.0050591034398798675,-0.6538543374762381,1.8055990408033884,-0.002146789954830336,1.4436173917557662,0.0009520910663595898,0.0012424165601362253,-0.0006401712995470632,1,158.8129800577127,organ,tissue_manipulation
-0.016497578818355257,-0.0624976952062816,-15.401499637636121,1.0995317907903075,0.0012249623884392075,50.0,-0.0508477895586765,-0.02106499609590727,-14.907390403928762,-1.7632530649614209,0.0015107277988229695,-18.20384143103089,-0.002099096353729114,-0.0032474120220434017,-0.593788908549133,1.805441154050111,-0.008280577329106649,1.396609440338973,0.00101854782494701,0.00224679862219978,0.0006034966445847545,1,158.9923869935295,organ,tissue_manipulation
-0.018375333210691982,-0.10620547763370645,50.0,1.0989024149317566,-0.1618915190377358,-50.0,-0.049148298726220445,0.4997345153107869,44.94536154789183,-1.7652303086496834,-0.4986811915782982,-49.635254375438315,-0.0016294555024789683,0.14176422383919304,2.4140720644259552,1.8068648948387172,0.5000643733227507,2.756449577756979,0.0011526565986045856,-0.00014062588427123449,-0.06900807734471999,1,15.524322916373393,organ,tissue_manipulation
-0.003248024807019135,0.49978077613398786,4.818811715646757,1.082339265333536,-0.49990023513429305,-28.245719928713836,-0.03401450070594526,0.2199963847580316,-1.8364240019355285,-1.7860190838456864,-0.4988936613345273,-1.687023074751661,0.0018670717743639463,0.04997910375646969,0.11212770328895658,1.8276998506915678,0.5003599257293638,0.5584313893134278,0.0011190391869790358,-0.0016255045519922035,0.0027890669743786747,1,14.424246205207032,organ,tissue_manipulation
0.012611951909294743,0.23569667688846851,-2.9347843948858934,1.0615138434027047,-0.49978171698382434,-27.73588870069741,-0.028600323013544548,0.07632280454381173,-4.0768749524462855,-1.8068085567148031,-0.49887729133150926,-1.8984415757693864,0.003003600177636455,0.016410311689735134,0.17511651915962156,1.8485391396376658,0.5002401446948539,0.5565121111961002,0.0010944458720996675,-0.001159427407055456,0.0008383669298873851,1,14.785278901243359,organ,tissue_manipulation
0.018362864139784843,0.08233887520194641,4.084154477922962,1.0406926772897636,-0.4997043557382799,-27.461689271070806,-0.02680808897255389,0.024857418125403853,-0.7816754402209583,-1.8275795830617834,-0.49819393392773204,-2.186832142013583,0.003428087839581211,0.006586643273077373,0.10829649859237744,1.8693803951901933,0.5001700099236535,0.5564234822774876,0.0010118010224470305,-0.0016064215561323201,-0.0005341885956669282,1,15.550287790453254,organ,tissue_manipulation
0.020375668318916927,0.02880637949822196,5.696496979831503,1.0198717367629513,-0.499675243444525,-27.14138318051013,-0.02617539684242466,0.009342279551836995,-0.009569462848642955,-1.8483436090553322,-0.4982615277889984,-2.511678777006829,0.0035940661390821828,0.0030955634407661605,0.035373072555825856,1.8902202524678076,0.5003782230247761,0.5563349105397214,0.000997335281152739,0.0002710567430341638,0.00021484498076234946,1,17.337318240095158,organ,tissue_manipulation
0.021080346015272877,0.010095413262595828,5.88238996084152,0.9990537152866961,-0.4995531651301268,-26.858527953914813,-0.02593312483089326,0.003803452678529625,0.08408153021078195,-1.869099293870634,-0.49789208467597595,-2.921032344348832,0.0036679776095236644,0.0012296493086784727,0.0032671426617409197,1.908680424138481,0.3090326315038547,0.38804120159350586,0.0010167052587580715,0.0006725999974413451,0.0004133403342953342,1,18.69370143379361,organ,tissue_manipulation
